tract_fips,county_name,diabetes_crude_prev,obesity_crude_prev,bphigh_crude_prev,csmoking_crude_prev,lpa_crude_prev,checkup_crude_prev,access2_crude_prev,geolocation
53001000100,Adams,16.5,35.7,36.8,16.8,23.8,68.7,14.9,POINT (-118.6782 47.0550)
53001000200,Adams,17.1,35.5,37.7,13.1,20.4,71.0,2.8,POINT (-118.6203 47.0363)
53001000300,Adams,10.9,23.3,21.3,8.0,10.0,62.0,6.9,POINT (-118.3865 46.9835)
53001000400,Adams,14.7,33.2,28.1,11.1,18.3,64.5,9.2,POINT (-118.5599 46.8412)
53001000500,Adams,13.7,29.8,28.1,14.3,19.9,64.0,12.3,POINT (-118.5248 47.0863)
53001000600,Adams,12.2,29.1,21.9,7.3,13.4,69.1,3.9,POINT (-118.6009 46.9131)
53001000700,Adams,15.0,32.1,28.2,10.5,16.4,71.3,5.8,POINT (-118.4037 47.0341)
53001000800,Adams,10.8,27.1,23.3,7.5,13.8,70.2,5.5,POINT (-118.7314 46.8423)
53001000900,Adams,13.1,28.6,29.3,12.1,16.5,67.4,3.7,POINT (-118.6669 46.9275)
53001001000,Adams,12.3,31.9,30.9,11.1,19.4,69.8,5.5,POINT (-118.6715 46.9095)
53003000100,Asotin,12.2,41.0,33.2,18.4,19.8,71.4,8.4,POINT (-117.3578 46.0987)
53003000200,Asotin,10.6,31.5,24.0,10.7,17.9,71.9,5.9,POINT (-117.3523 46.3202)
53003000300,Asotin,9.3,26.4,28.6,9.7,14.0,70.2,4.4,POINT (-117.3115 46.1013)
53003000400,Asotin,13.8,34.0,34.0,12.4,17.1,70.8,6.7,POINT (-117.1077 46.3199)
53003000500,Asotin,11.4,31.5,26.7,10.6,16.6,65.7,7.2,POINT (-117.3681 46.2769)
53003000600,Asotin,12.4,42.8,34.2,16.6,24.7,63.8,13.3,POINT (-117.2467 46.2909)
53003000700,Asotin,11.5,43.7,31.9,16.7,24.6,65.5,15.6,POINT (-117.1797 46.1188)
53003000800,Asotin,13.2,39.6,32.4,17.8,22.3,70.5,15.8,POINT (-117.0985 46.2867)
53005000100,Benton,7.4,24.7,24.6,7.1,8.7,68.4,2.8,POINT (-119.3487 46.3470)
53005000200,Benton,11.0,30.1,35.4,9.7,16.7,73.2,2.8,POINT (-119.5505 46.1514)
53005000300,Benton,10.4,38.8,27.4,14.5,22.7,70.5,8.1,POINT (-119.3683 46.0844)
53005000400,Benton,6.5,27.9,24.2,9.5,15.5,65.7,7.5,POINT (-119.3754 46.1264)
53005000500,Benton,10.6,30.1,35.4,12.1,16.4,72.3,3.0,POINT (-119.5727 46.1788)
53005000600,Benton,11.8,40.8,32.1,17.2,26.4,71.5,17.9,POINT (-119.5892 46.0917)
53005000700,Benton,9.2,27.4,25.6,7.9,14.2,69.4,5.6,POINT (-119.7098 46.3465)
53005000800,Benton,11.9,35.9,37.5,13.2,28.1,72.8,11.4,POINT (-119.7074 46.2019)
53005000900,Benton,7.2,29.0,24.1,11.0,17.4,67.2,6.2,POINT (-119.6509 46.1913)
53005001000,Benton,6.1,22.7,24.1,7.4,8.9,68.4,2.8,POINT (-119.3690 46.1557)
53005001100,Benton,7.6,28.4,25.5,7.3,14.1,70.2,6.8,POINT (-119.6105 46.2108)
53005001200,Benton,12.5,30.8,31.5,12.7,21.7,70.7,19.6,POINT (-119.6632 46.2568)
53005001300,Benton,11.3,39.6,35.6,16.2,23.6,72.4,8.6,POINT (-119.5015 46.1578)
53005001400,Benton,9.2,28.6,28.3,14.6,15.8,70.0,2.9,POINT (-119.4483 46.1513)
53005001500,Benton,8.7,34.5,28.1,10.0,15.3,71.1,2.9,POINT (-119.4112 46.2274)
53005001600,Benton,10.4,33.1,29.0,16.2,24.3,61.8,15.7,POINT (-119.6737 46.3645)
53005001700,Benton,8.2,32.5,24.8,11.0,18.4,70.5,4.9,POINT (-119.5922 46.1804)
53005001800,Benton,9.0,28.2,26.0,13.2,19.8,63.7,13.7,POINT (-119.3959 46.1254)
53005001900,Benton,15.1,46.5,36.8,17.5,31.1,68.3,18.3,POINT (-119.5262 46.3080)
53005002000,Benton,11.8,31.4,32.7,5.6,11.8,70.1,2.8,POINT (-119.6962 46.2413)
53005002100,Benton,13.9,33.3,35.6,13.4,25.6,65.9,17.1,POINT (-119.4035 46.2467)
53005002200,Benton,9.9,27.6,30.2,10.3,15.4,69.4,4.9,POINT (-119.6139 46.2521)
53005002300,Benton,10.1,35.4,34.7,10.6,23.6,64.7,11.6,POINT (-119.5754 46.2803)
53005002400,Benton,11.3,35.9,31.1,13.0,19.7,67.5,11.3,POINT (-119.5250 46.2435)
53005002500,Benton,10.7,30.5,33.3,11.9,21.1,71.7,7.1,POINT (-119.4324 46.1944)
53005002600,Benton,8.4,32.6,28.9,11.3,18.1,72.7,5.1,POINT (-119.7179 46.3452)
53005002700,Benton,11.2,33.6,31.6,14.6,24.0,71.4,14.9,POINT (-119.5154 46.3601)
53005002800,Benton,9.9,35.0,29.3,13.3,20.1,69.0,10.7,POINT (-119.3778 46.2902)
53005002900,Benton,7.8,37.3,24.3,10.5,20.0,70.4,9.9,POINT (-119.3860 46.2201)
53005003000,Benton,11.4,34.8,30.4,13.1,19.3,72.0,7.6,POINT (-119.6563 46.1333)
53005003100,Benton,7.8,26.5,26.4,7.8,11.6,69.3,3.4,POINT (-119.3719 46.2772)
53005003200,Benton,8.6,27.4,27.4,6.6,9.7,67.0,2.8,POINT (-119.4625 46.3477)
53005003300,Benton,10.6,39.9,34.3,14.5,22.6,67.0,10.9,POINT (-119.5874 46.2376)
53005003400,Benton,9.1,32.0,26.3,12.2,22.3,67.6,12.7,POINT (-119.5921 46.3740)
53005003500,Benton,11.6,33.4,33.3,12.6,20.7,67.5,10.0,POINT (-119.5072 46.3033)
53005003600,Benton,11.1,40.7,35.5,19.4,25.4,72.1,12.7,POINT (-119.5626 46.2626)
53005003700,Benton,15.3,38.7,37.7,14.4,19.4,69.3,6.5,POINT (-119.4913 46.3694)
53005003800,Benton,10.2,34.1,35.4,14.4,20.3,67.4,10.7,POINT (-119.7170 46.3613)
53005003900,Benton,6.5,33.8,27.3,10.4,12.2,72.8,2.8,POINT (-119.4331 46.2518)
53005004000,Benton,12.9,30.7,33.2,11.9,20.1,68.4,11.2,POINT (-119.3580 46.3035)
53005004100,Benton,7.2,26.2,24.6,9.6,16.4,64.3,4.6,POINT (-119.7199 46.0813)
53005004200,Benton,13.0,39.4,34.2,18.2,27.0,72.8,13.9,POINT (-119.7083 46.2217)
53005004300,Benton,15.0,48.6,40.2,21.5,33.5,74.9,14.8,POINT (-119.6312 46.3724)
53005004400,Benton,11.6,39.8,29.1,12.5,16.2,68.2,8.0,POINT (-119.6955 46.2218)
53005004500,Benton,13.6,39.3,41.3,12.8,18.6,72.1,6.9,POINT (-119.5680 46.2366)
53005004600,Benton,9.8,22.6,27.9,5.4,13.4,70.3,2.8,POINT (-119.5860 46.0934)
53005004700,Benton,8.6,24.7,26.2,10.3,13.4,69.5,3.6,POINT (-119.3240 46.1974)
53005004800,Benton,7.9,27.7,23.0,8.1,11.0,73.6,2.8,POINT (-119.5021 46.1424)
53005004900,Benton,8.1,29.5,26.0,9.6,17.1,70.5,5.4,POINT (-119.4032 46.3762)
53005005000,Benton,8.4,27.9,20.7,6.4,15.8,72.3,5.0,POINT (-119.3327 46.3780)
53005005100,Benton,11.3,36.0,40.6,15.9,23.5,68.4,7.4,POINT (-119.4414 46.2269)
53005005200,Benton,10.4,29.5,26.5,9.3,13.8,73.5,5.7,POINT (-119.5435 46.1131)
53005005300,Benton,9.8,38.4,30.7,12.3,23.7,71.1,8.3,POINT (-119.5179 46.3227)
53005005400,Benton,9.4,27.1,24.5,11.2,21.7,63.2,14.4,POINT (-119.4217 46.2908)
53005005500,Benton,8.2,26.6,24.6,7.3,13.4,65.7,6.0,POINT (-119.3697 46.1560)
53007000100,Chelan,10.0,30.7,27.1,9.9,18.4,70.0,5.6,POINT (-120.7359 47.8579)
53007000200,Chelan,10.4,35.8,26.5,14.0,19.4,69.5,7.3,POINT (-120.6529 47.9796)
53007000300,Chelan,5.6,15.9,20.0,4.8,6.9,68.8,2.8,POINT (-120.6008 47.9451)
53007000400,Chelan,10.0,26.3,27.0,9.4,13.5,67.2,7.8,POINT (-120.4960 47.8346)
53007000500,Chelan,8.7,33.0,24.6,12.5,21.9,60.0,11.8,POINT (-120.6638 47.8953)
53007000600,Chelan,11.6,33.8,33.5,11.6,19.6,69.6,11.1,POINT (-120.4618 47.7529)
53007000700,Chelan,10.8,34.7,30.2,11.8,18.2,70.4,6.3,POINT (-120.4747 47.7306)
53007000800,Chelan,10.9,42.6,34.8,15.2,26.4,68.9,8.3,POINT (-120.5643 47.8280)
53007000900,Chelan,7.6,18.9,22.7,5.9,14.4,68.5,5.4,POINT (-120.7593 47.9967)
53007001000,Chelan,12.2,26.1,33.1,11.5,15.0,73.1,5.6,POINT (-120.5142 47.8901)
53007001100,Chelan,9.1,32.8,34.0,12.1,19.4,68.7,6.1,POINT (-120.6097 47.9473)
53007001200,Chelan,12.2,32.1,33.5,11.3,20.4,71.0,11.1,POINT (-120.5170 47.9074)
53007001300,Chelan,8.9,28.4,24.6,8.9,15.8,70.2,3.9,POINT (-120.5153 47.9723)
53007001400,Chelan,12.3,42.1,36.0,19.7,26.1,65.8,10.4,POINT (-120.4213 47.8262)
53007001500,Chelan,13.9,42.0,37.5,17.0,23.6,77.9,9.3,POINT (-120.8102 47.8504)
53007001600,Chelan,10.4,35.7,32.1,13.6,18.9,70.8,12.1,POINT (-120.7689 47.8288)
53007001700,Chelan,13.5,45.5,36.1,15.7,25.1,70.7,14.3,POINT (-120.7074 47.7564)
53007001800,Chelan,5.9,30.8,22.0,9.0,11.6,62.4,6.7,POINT (-120.5446 47.7360)
53007001900,Chelan,10.3,26.6,26.0,8.8,19.2,67.4,6.1,POINT (-120.7387 47.7422)
53007002000,Chelan,9.5,29.6,21.5,10.2,15.7,69.0,11.3,POINT (-120.7947 47.7479)
53007002100,Chelan,13.0,36.1,32.3,18.9,26.6,68.5,15.2,POINT (-120.5912 47.8003)
53007002200,Chelan,10.6,32.3,29.2,10.7,17.8,67.3,6.3,POINT (-120.4698 48.0094)
53009000100,Clallam,10.6,31.5,34.2,6.4,16.9,74.8,2.8,POINT (-124.0596 48.2228)
53009000200,Clallam,9.5,28.8,24.4,8.5,12.2,73.2,4.6,POINT (-124.0994 48.0395)
53009000300,Clallam,13.5,41.3,33.7,14.9,25.3,66.1,15.2,POINT (-124.1021 48.1935)
53009000400,Clallam,9.7,29.3,30.3,11.3,16.8,72.5,3.2,POINT (-124.0308 48.1270)
53009000500,Clallam,11.9,37.6,32.5,14.7,19.7,72.2,7.5,POINT (-123.7337 48.0330)
53009000600,Clallam,9.0,34.3,26.2,9.2,12.4,70.4,2.8,POINT (-123.7952 48.1870)
53009000700,Clallam,14.7,31.2,41.6,13.1,21.8,70.1,10.6,POINT (-123.7816 48.1316)
53009000800,Clallam,10.2,36.8,30.7,13.6,20.1,68.9,9.7,POINT (-123.7515 48.1536)
53009000900,Clallam,6.1,18.0,22.5,5.4,8.8,67.6,2.8,POINT (-123.8919 48.0444)
53009001000,Clallam,9.0,26.1,27.3,7.0,14.1,63.7,8.6,POINT (-123.9728 48.1670)
53009001100,Clallam,11.5,35.5,34.9,16.5,26.3,64.0,12.3,POINT (-123.7381 48.2239)
53009001200,Clallam,8.8,29.2,28.2,8.7,15.4,66.7,4.6,POINT (-123.9737 48.1081)
53009001300,Clallam,6.8,21.3,18.9,4.5,11.6,64.0,11.1,POINT (-123.7889 48.1016)
53009001400,Clallam,11.6,35.3,30.2,14.4,20.5,69.1,15.9,POINT (-124.1121 48.1536)
53009001500,Clallam,10.1,36.7,28.4,13.1,24.6,66.6,17.4,POINT (-124.1231 48.1227)
53009001600,Clallam,12.1,33.0,34.7,14.4,23.4,65.0,11.2,POINT (-123.9987 48.1936)
53009001700,Clallam,9.7,30.6,30.2,11.2,14.6,70.3,6.1,POINT (-123.8105 48.1016)
53009001800,Clallam,11.7,39.5,35.5,15.8,23.8,65.0,13.6,POINT (-124.0666 47.9739)
53009001900,Clallam,10.9,34.3,27.8,10.3,20.4,68.6,11.1,POINT (-124.0380 48.0794)
53009002000,Clallam,10.4,32.4,32.5,10.8,18.3,68.4,6.5,POINT (-123.7307 48.0614)
53009002100,Clallam,9.6,31.6,27.3,13.6,17.6,67.3,7.3,POINT (-123.7764 48.2076)
53009002200,Clallam,14.0,39.8,39.8,12.8,23.2,74.5,8.9,POINT (-123.9936 48.2411)
53009002300,Clallam,13.0,34.8,38.5,18.0,25.0,68.8,16.5,POINT (-124.0364 48.0491)
53009002400,Clallam,14.3,37.3,36.3,14.1,20.1,67.7,6.9,POINT (-123.8582 48.2090)
53011000100,Clark,7.4,27.9,26.1,12.4,15.3,70.8,5.5,POINT (-122.5292 45.6909)
53011000200,Clark,9.2,34.5,26.6,13.0,20.2,69.6,10.4,POINT (-122.4687 45.7720)
53011000300,Clark,15.5,40.5,39.6,15.2,24.4,69.5,14.8,POINT (-122.5278 45.8866)
53011000400,Clark,12.9,35.9,33.8,14.8,22.1,71.6,10.8,POINT (-122.5035 45.8926)
53011000500,Clark,5.6,31.4,27.5,9.1,13.7,69.8,4.5,POINT (-122.3079 45.8439)
53011000600,Clark,11.0,43.7,33.4,14.8,20.4,67.8,9.1,POINT (-122.6572 45.8923)
53011000700,Clark,13.8,37.9,38.4,15.0,27.3,78.6,10.4,POINT (-122.4892 45.6817)
53011000800,Clark,8.1,34.0,29.3,15.5,23.0,67.2,13.8,POINT (-122.4236 45.7495)
53011000900,Clark,12.1,40.6,36.6,17.7,29.1,74.3,15.9,POINT (-122.6350 45.9034)
53011001000,Clark,8.9,31.6,31.7,9.7,17.6,68.7,7.0,POINT (-122.6030 45.7556)
53011001100,Clark,12.5,38.6,35.9,12.3,23.3,72.8,15.0,POINT (-122.2942 45.8882)
53011001200,Clark,8.6,31.2,28.6,14.1,19.9,69.1,11.1,POINT (-122.6384 45.7636)
53011001300,Clark,9.8,30.6,30.4,13.2,17.4,69.3,6.0,POINT (-122.4011 45.8556)
53011001400,Clark,12.3,30.6,32.8,12.5,24.2,69.4,11.4,POINT (-122.3250 45.7264)
53011001500,Clark,14.0,34.2,32.0,14.4,21.9,66.1,14.0,POINT (-122.4569 45.9127)
53011001600,Clark,10.0,30.3,26.8,12.6,20.8,67.7,15.4,POINT (-122.5610 45.7897)
53011001700,Clark,6.7,19.8,21.3,6.0,11.1,66.5,5.0,POINT (-122.5041 45.7954)
53011001800,Clark,6.2,32.2,23.9,12.8,18.8,68.7,10.3,POINT (-122.6531 45.7107)
53011001900,Clark,10.5,36.7,35.4,14.1,23.6,70.1,14.6,POINT (-122.6009 45.6958)
53011002000,Clark,7.7,36.5,27.0,9.9,17.2,66.8,9.1,POINT (-122.4393 45.7826)
53011002100,Clark,7.7,26.6,20.9,7.9,7.8,62.4,4.6,POINT (-122.5247 45.8026)
53011002200,Clark,11.3,37.3,31.0,13.9,22.0,65.7,15.3,POINT (-122.3463 45.7464)
53011002300,Clark,11.5,34.9,33.6,13.6,16.8,69.1,5.2,POINT (-122.2849 45.7629)
53011002400,Clark,6.8,25.7,28.8,9.8,13.6,70.6,7.4,POINT (-122.4202 45.7519)
53011002500,Clark,11.7,36.3,32.2,15.1,24.1,72.0,13.2,POINT (-122.4187 45.6351)
53011002600,Clark,12.0,34.3,37.5,13.6,26.9,68.8,18.2,POINT (-122.3030 45.8754)
53011002700,Clark,9.8,29.7,28.6,10.1,18.1,70.5,6.3,POINT (-122.5671 45.9192)
53011002800,Clark,9.3,41.1,35.0,15.9,23.7,70.5,12.3,POINT (-122.4997 45.7926)
53011002900,Clark,6.8,25.7,19.8,9.0,15.4,65.1,11.7,POINT (-122.6170 45.7891)
53011003000,Clark,6.3,19.4,22.9,7.9,16.0,65.9,10.7,POINT (-122.3162 45.8768)
53011003100,Clark,9.2,30.7,31.3,12.3,15.2,73.8,7.7,POINT (-122.5678 45.7549)
53011003200,Clark,7.8,30.5,27.8,11.0,15.7,66.6,6.8,POINT (-122.4065 45.6623)
53011003300,Clark,12.3,39.7,34.5,16.7,18.5,73.3,2.9,POINT (-122.3162 45.7137)
53011003400,Clark,8.4,25.0,23.5,10.7,15.0,68.3,6.8,POINT (-122.4217 45.8213)
53011003500,Clark,10.5,34.3,28.4,14.5,20.5,63.5,10.9,POINT (-122.6617 45.7878)
53011003600,Clark,13.1,42.6,36.3,15.9,24.7,76.8,11.0,POINT (-122.4288 45.8996)
53011003700,Clark,10.4,38.3,32.7,13.7,21.3,69.6,9.5,POINT (-122.4651 45.9182)
53011003800,Clark,11.2,35.4,34.8,13.2,21.5,64.2,13.5,POINT (-122.6575 45.8330)
53011003900,Clark,10.2,37.8,24.2,17.7,24.3,70.0,11.1,POINT (-122.3741 45.8095)
53011004000,Clark,10.9,29.9,30.1,14.8,21.1,69.1,13.1,POINT (-122.3720 45.8536)
53011004100,Clark,10.6,34.7,32.8,17.6,24.4,69.5,15.6,POINT (-122.2898 45.6879)
53011004200,Clark,12.1,42.2,37.2,14.0,27.3,67.6,14.8,POINT (-122.6498 45.9186)
53011004300,Clark,7.5,27.8,26.4,10.0,16.6,73.2,6.9,POINT (-122.5642 45.9009)
53011004400,Clark,8.7,34.8,31.8,10.1,18.9,72.2,6.0,POINT (-122.5448 45.8268)
53011004500,Clark,12.8,37.6,36.3,14.3,23.3,67.3,8.4,POINT (-122.6394 45.9103)
53011004600,Clark,13.3,35.5,34.1,9.7,17.7,66.7,11.5,POINT (-122.5088 45.7693)
53011004700,Clark,11.9,33.4,39.7,14.9,22.2,63.6,17.4,POINT (-122.4218 45.7178)
53011004800,Clark,5.9,17.8,24.1,9.9,16.7,68.9,9.5,POINT (-122.3933 45.6593)
53011004900,Clark,11.5,39.1,34.7,15.0,23.3,67.8,11.1,POINT (-122.3582 45.9142)
53011005000,Clark,5.1,23.2,18.4,4.7,9.6,71.1,3.5,POINT (-122.5361 45.8780)
53011005100,Clark,5.4,19.8,23.4,3.7,7.8,69.9,2.8,POINT (-122.4732 45.7175)
53011005200,Clark,9.6,26.3,27.4,10.0,12.5,69.8,4.0,POINT (-122.3019 45.6337)
53011005300,Clark,10.7,35.3,35.7,13.5,20.4,70.8,9.8,POINT (-122.3188 45.6631)
53011005400,Clark,9.5,32.1,27.8,10.2,13.9,74.1,2.8,POINT (-122.3510 45.6451)
53011005500,Clark,7.6,25.2,27.8,7.9,16.6,66.9,8.0,POINT (-122.6647 45.6656)
53011005600,Clark,7.3,37.3,23.5,13.4,21.1,68.6,10.0,POINT (-122.5679 45.8358)
53011005700,Clark,9.0,31.3,28.3,13.0,24.6,66.7,10.6,POINT (-122.4580 45.8343)
53011005800,Clark,9.1,42.7,28.4,18.6,29.8,66.2,19.0,POINT (-122.3071 45.6526)
53011005900,Clark,13.4,37.7,36.6,13.7,20.6,68.8,6.5,POINT (-122.3862 45.7557)
53011006000,Clark,9.4,28.4,29.6,7.2,15.0,72.2,2.8,POINT (-122.4383 45.7703)
53011006100,Clark,10.3,38.9,28.8,17.5,25.8,65.9,15.0,POINT (-122.5999 45.7108)
53011006200,Clark,10.7,34.7,33.5,11.2,19.6,66.0,9.0,POINT (-122.5039 45.7828)
53011006300,Clark,7.1,24.1,27.6,10.1,16.5,65.1,7.5,POINT (-122.4110 45.7370)
53011006400,Clark,12.4,38.1,41.4,15.6,25.0,70.8,11.9,POINT (-122.6616 45.8272)
53011006500,Clark,9.0,34.1,31.5,10.7,14.8,64.3,7.3,POINT (-122.5153 45.7216)
53011006600,Clark,6.6,16.9,23.5,9.9,13.5,69.5,6.0,POINT (-122.5856 45.6491)
53011006700,Clark,9.1,35.3,28.7,13.2,20.9,66.6,13.0,POINT (-122.2815 45.6355)
53011006800,Clark,8.9,27.5,29.4,8.0,14.6,69.4,7.5,POINT (-122.6450 45.8410)
53011006900,Clark,10.5,33.8,33.7,15.3,23.9,69.6,9.1,POINT (-122.3923 45.6261)
53011007000,Clark,6.7,25.3,22.3,7.8,13.0,69.1,4.4,POINT (-122.3653 45.7518)
53011007100,Clark,10.6,34.3,26.6,10.7,18.1,64.8,10.6,POINT (-122.4403 45.8970)
53011007200,Clark,13.2,44.4,37.1,20.2,29.7,69.0,15.1,POINT (-122.3671 45.6761)
53011007300,Clark,8.6,28.5,28.0,10.3,16.5,70.0,9.4,POINT (-122.4479 45.9067)
53011007400,Clark,11.7,29.6,26.5,12.9,16.8,67.1,5.9,POINT (-122.5450 45.8246)
53011007500,Clark,4.8,25.5,22.7,6.7,6.9,66.2,2.8,POINT (-122.3861 45.7345)
53011007600,Clark,5.6,25.5,22.1,9.1,13.9,64.3,9.4,POINT (-122.4284 45.8983)
53011007700,Clark,8.9,30.8,26.1,10.0,14.5,67.8,9.8,POINT (-122.6113 45.8570)
53011007800,Clark,5.9,18.0,25.3,4.9,7.7,71.7,2.8,POINT (-122.4672 45.6836)
53011007900,Clark,13.9,43.4,37.5,21.3,29.0,72.1,16.2,POINT (-122.4260 45.6730)
53011008000,Clark,12.6,44.8,36.8,15.8,26.6,68.7,18.2,POINT (-122.3634 45.7075)
53011008100,Clark,9.7,30.7,30.2,8.5,13.5,73.4,2.8,POINT (-122.4945 45.8624)
53011008200,Clark,6.7,29.1,27.6,11.1,18.9,66.2,6.0,POINT (-122.4213 45.6742)
53011008300,Clark,13.1,37.4,35.9,17.2,27.1,71.3,19.4,POINT (-122.4310 45.9178)
53011008400,Clark,7.7,32.8,26.9,11.8,21.6,69.8,11.6,POINT (-122.6731 45.6307)
53011008500,Clark,12.0,35.2,32.2,11.4,15.2,76.2,2.8,POINT (-122.6017 45.7161)
53011008600,Clark,8.8,29.4,28.8,12.0,20.2,66.9,10.0,POINT (-122.3421 45.8639)
53011008700,Clark,10.0,31.9,34.7,12.8,21.7,72.2,12.2,POINT (-122.5497 45.6976)
53011008800,Clark,9.8,26.8,30.4,8.4,14.0,71.4,7.0,POINT (-122.3166 45.6909)
53011008900,Clark,9.4,33.2,34.0,12.6,25.9,71.8,8.3,POINT (-122.4175 45.7708)
53011009000,Clark,11.2,37.0,36.6,15.3,23.1,66.7,11.3,POINT (-122.4276 45.7446)
53011009100,Clark,7.2,25.1,26.3,11.6,17.4,64.2,10.5,POINT (-122.5441 45.7358)
53011009200,Clark,12.3,34.7,34.5,13.4,19.9,72.1,8.0,POINT (-122.4436 45.8103)
53011009300,Clark,10.4,29.7,29.7,12.3,18.3,74.0,6.2,POINT (-122.6203 45.7081)
53011009400,Clark,9.9,36.9,27.3,10.0,14.2,72.8,2.8,POINT (-122.5139 45.7306)
53011009500,Clark,15.7,41.3,42.0,19.9,34.8,77.4,20.8,POINT (-122.3142 45.8086)
53011009600,Clark,11.9,39.2,36.7,14.0,20.9,70.9,8.3,POINT (-122.5825 45.6309)
53011009700,Clark,8.2,32.6,30.0,11.7,21.7,65.7,10.7,POINT (-122.4791 45.6781)
53011009800,Clark,7.5,20.0,24.4,6.2,14.8,69.9,3.4,POINT (-122.3884 45.7489)
53011009900,Clark,14.0,45.9,40.7,17.7,25.7,70.4,14.8,POINT (-122.4422 45.6927)
53011010000,Clark,14.1,47.5,38.3,16.5,27.5,65.8,15.5,POINT (-122.3157 45.8852)
53011010100,Clark,9.0,28.9,24.2,11.1,15.9,64.0,2.8,POINT (-122.3707 45.9076)
53011010200,Clark,9.3,39.4,34.6,13.5,19.9,71.8,5.1,POINT (-122.5862 45.8918)
53011010300,Clark,10.1,36.5,34.5,13.3,20.6,67.6,7.6,POINT (-122.6774 45.6793)
53011010400,Clark,8.8,32.2,30.8,9.9,20.5,68.8,9.1,POINT (-122.3050 45.8321)
53011010500,Clark,7.5,17.4,26.4,6.9,10.9,68.5,4.6,POINT (-122.4252 45.6761)
53011010600,Clark,5.4,21.9,23.3,4.0,9.6,64.2,3.8,POINT (-122.3090 45.8439)
53011010700,Clark,9.3,24.3,31.1,7.2,11.8,70.5,5.3,POINT (-122.2919 45.8141)
53011010800,Clark,6.8,27.1,25.5,10.3,15.9,66.8,5.3,POINT (-122.5400 45.7234)
53011010900,Clark,9.6,27.3,21.5,10.4,18.7,59.7,9.8,POINT (-122.5266 45.7829)
53011011000,Clark,10.9,43.8,33.7,15.0,23.4,74.2,8.0,POINT (-122.3873 45.6204)
53011011100,Clark,7.3,25.8,22.6,8.7,17.9,68.3,8.0,POINT (-122.3812 45.8455)
53011011200,Clark,8.6,23.4,29.2,7.9,13.4,78.9,2.8,POINT (-122.4711 45.7235)
53011011300,Clark,7.5,26.2,28.3,9.1,11.3,71.7,2.8,POINT (-122.6736 45.7280)
53011011400,Clark,14.0,45.4,38.1,20.4,30.2,72.8,16.9,POINT (-122.6305 45.7887)
53011011500,Clark,7.2,24.8,27.4,7.6,12.1,66.0,5.2,POINT (-122.3778 45.6440)
53011011600,Clark,14.5,36.7,38.9,17.5,26.5,71.9,11.1,POINT (-122.2964 45.6229)
53011011700,Clark,10.4,32.9,33.9,14.5,27.9,71.4,15.4,POINT (-122.2868 45.7746)
53011011800,Clark,9.8,31.0,30.9,10.7,18.3,73.5,4.2,POINT (-122.4466 45.6374)
53011011900,Clark,12.2,43.0,35.5,12.3,20.6,74.9,6.8,POINT (-122.3426 45.7248)
53011012000,Clark,6.8,24.7,26.2,9.1,13.6,67.2,4.5,POINT (-122.5758 45.7284)
53013000100,Columbia,11.1,36.1,27.5,15.1,24.6,70.5,10.8,POINT (-117.9601 46.4073)
53013000200,Columbia,14.5,35.1,31.5,13.9,18.6,72.3,5.7,POINT (-117.9539 46.1550)
53013000300,Columbia,13.9,35.5,32.3,14.5,20.6,71.5,5.2,POINT (-118.0083 46.3464)
53013000400,Columbia,13.8,42.5,31.1,14.6,23.9,69.4,11.7,POINT (-118.0873 46.2796)
53015000100,Cowlitz,12.5,37.6,36.2,15.1,22.4,72.2,13.8,POINT (-122.5675 46.2164)
53015000200,Cowlitz,10.9,27.5,32.1,9.8,11.1,72.2,2.8,POINT (-122.7019 46.1640)
53015000300,Cowlitz,11.0,33.5,30.8,13.6,19.3,70.3,7.5,POINT (-122.7892 46.0665)
53015000400,Cowlitz,13.1,38.7,32.1,16.8,23.4,71.2,12.0,POINT (-122.6773 46.0864)
53015000500,Cowlitz,15.8,40.2,38.5,16.1,25.0,73.1,7.3,POINT (-122.4904 46.1988)
53015000600,Cowlitz,8.6,22.7,27.1,10.8,15.1,67.3,6.7,POINT (-122.6301 46.0620)
53015000700,Cowlitz,14.1,33.9,36.3,15.2,24.5,70.5,14.3,POINT (-122.6635 46.1979)
53015000800,Cowlitz,4.5,22.7,15.9,3.7,7.3,70.6,2.8,POINT (-122.7878 46.3019)
53015000900,Cowlitz,13.6,44.2,39.6,20.3,30.8,70.6,12.2,POINT (-122.6011 46.0522)
53015001000,Cowlitz,10.6,27.6,34.4,9.7,16.5,71.9,5.1,POINT (-122.8630 46.1435)
53015001100,Cowlitz,15.5,37.8,39.0,13.7,20.1,69.3,8.2,POINT (-122.7463 46.1154)
53015001200,Cowlitz,10.2,27.4,24.3,9.4,11.6,69.9,3.3,POINT (-122.8010 46.2251)
53015001300,Cowlitz,7.6,24.2,21.2,8.2,15.9,61.1,9.1,POINT (-122.6770 46.1639)
53015001400,Cowlitz,10.8,34.7,30.7,11.2,17.6,66.9,9.8,POINT (-122.4804 46.1778)
53015001500,Cowlitz,11.3,41.0,31.7,13.7,18.1,63.9,4.5,POINT (-122.4896 46.0537)
53015001600,Cowlitz,11.9,36.0,28.1,15.0,21.0,68.3,14.2,POINT (-122.5517 46.2146)
53015001700,Cowlitz,13.5,35.6,32.5,9.4,16.5,69.5,3.2,POINT (-122.6885 46.1691)
53015001800,Cowlitz,10.9,32.2,29.3,10.4,17.7,70.3,4.1,POINT (-122.5116 46.3038)
53015001900,Cowlitz,14.8,38.7,37.5,16.6,26.1,73.1,12.9,POINT (-122.7903 46.1116)
53015002000,Cowlitz,9.7,31.2,24.8,11.1,17.0,66.9,7.4,POINT (-122.5099 46.1889)
53015002100,Cowlitz,6.5,21.1,21.1,6.5,7.9,70.8,2.8,POINT (-122.6092 46.1367)
53015002200,Cowlitz,13.7,39.0,33.9,18.4,23.6,71.7,13.6,POINT (-122.5585 46.2524)
53015002300,Cowlitz,9.6,35.5,27.4,13.1,20.0,67.7,11.2,POINT (-122.7090 46.2092)
53015002400,Cowlitz,13.2,28.5,36.7,7.8,18.4,74.6,2.8,POINT (-122.6255 46.3301)
53015002500,Cowlitz,10.2,25.6,27.2,8.4,16.2,72.4,8.7,POINT (-122.7320 46.2586)
53015002600,Cowlitz,9.8,28.9,23.3,8.4,16.8,72.4,3.0,POINT (-122.7669 46.2410)
53015002700,Cowlitz,9.8,29.6,28.3,8.8,16.1,67.4,6.2,POINT (-122.5841 46.1135)
53015002800,Cowlitz,12.6,35.1,32.1,13.0,20.6,68.2,8.9,POINT (-122.5967 46.1964)
53015002900,Cowlitz,15.2,42.6,38.0,18.2,26.8,73.8,13.3,POINT (-122.6305 46.1208)
53015003000,Cowlitz,11.0,34.0,26.2,10.0,14.3,68.7,8.9,POINT (-122.6312 46.1732)
53015003100,Cowlitz,16.8,45.9,43.2,15.1,25.0,70.0,9.4,POINT (-122.5838 46.1273)
53015003200,Cowlitz,10.8,29.6,24.3,11.9,15.5,67.9,11.7,POINT (-122.7660 46.2818)
53017000100,Douglas,9.2,17.0,23.7,7.4,16.4,63.5,10.1,POINT (-119.6255 47.6802)
53017000200,Douglas,10.4,29.9,35.1,7.8,15.5,72.3,5.9,POINT (-119.6084 47.7987)
53017000300,Douglas,11.8,34.4,30.3,13.1,19.5,70.6,7.2,POINT (-119.7329 47.7948)
53017000400,Douglas,12.5,34.3,35.4,12.8,16.3,74.0,2.8,POINT (-119.7881 47.7085)
53017000500,Douglas,9.9,26.8,30.6,5.2,19.3,73.1,6.8,POINT (-119.6130 47.6371)
53017000600,Douglas,11.4,33.6,31.9,13.5,21.8,69.3,9.6,POINT (-119.5149 47.6180)
53017000700,Douglas,11.2,31.0,32.7,12.4,12.1,71.4,2.8,POINT (-119.5470 47.8380)
53017000800,Douglas,11.5,30.8,33.2,13.1,18.0,70.6,4.6,POINT (-119.7266 47.8620)
53017000900,Douglas,8.1,23.3,25.6,9.3,15.0,69.9,6.6,POINT (-119.8268 47.8440)
53017001000,Douglas,9.9,31.5,29.8,12.5,21.5,70.7,10.3,POINT (-119.5760 47.5965)
53017001100,Douglas,14.2,37.6,33.6,14.1,21.0,67.5,9.6,POINT (-119.4946 47.6124)
53017001200,Douglas,9.6,27.5,21.6,9.6,15.1,64.3,8.9,POINT (-119.5886 47.7924)
53019000100,Ferry,17.1,31.7,35.1,11.2,17.1,72.1,4.4,POINT (-118.4505 48.3937)
53019000200,Ferry,15.6,24.3,32.6,6.7,13.3,70.3,5.5,POINT (-118.3849 48.3330)
53019000300,Ferry,13.0,18.3,25.6,8.2,14.7,67.4,4.7,POINT (-118.4411 48.3709)
53019000400,Ferry,17.1,33.9,38.1,14.5,25.0,78.2,9.9,POINT (-118.6926 48.3873)
53021000100,Franklin,10.1,30.0,23.4,9.1,14.2,65.9,6.3,POINT (-119.0423 46.5244)
53021000200,Franklin,9.3,33.6,27.2,11.7,17.0,68.7,8.7,POINT (-119.0150 46.5988)
53021000300,Franklin,9.2,25.5,25.0,5.9,9.7,66.9,3.9,POINT (-118.8830 46.4827)
53021000400,Franklin,12.0,34.6,34.1,12.7,21.2,69.6,9.8,POINT (-118.9588 46.4655)
53021000500,Franklin,9.9,18.9,25.7,9.1,15.9,70.5,9.6,POINT (-119.0383 46.6247)
53021000600,Franklin,11.6,33.8,29.5,11.8,20.4,72.4,7.9,POINT (-118.9787 46.4047)
53021000700,Franklin,10.2,30.4,29.8,8.0,9.3,67.8,2.8,POINT (-118.8929 46.5073)
53021000800,Franklin,10.1,29.4,26.7,13.1,19.5,68.5,11.0,POINT (-118.7940 46.4917)
53021000900,Franklin,8.5,31.7,25.4,12.1,14.9,62.9,9.0,POINT (-118.9373 46.3918)
53021001000,Franklin,12.3,30.3,29.5,13.4,17.3,73.3,4.3,POINT (-118.8510 46.4947)
53021001100,Franklin,12.9,34.1,35.0,11.9,19.6,70.4,5.3,POINT (-118.9058 46.6699)
53021001200,Franklin,13.2,33.7,33.2,10.9,13.0,69.4,8.9,POINT (-118.9891 46.6761)
53021001300,Franklin,13.3,36.1,33.7,13.8,23.3,66.0,14.7,POINT (-119.0437 46.3893)
53021001400,Franklin,13.1,39.1,35.6,15.0,24.9,71.9,10.5,POINT (-118.9835 46.4985)
53021001500,Franklin,9.9,30.2,31.8,8.3,11.5,70.4,2.8,POINT (-118.9369 46.4091)
53021001600,Franklin,11.8,34.4,30.9,15.6,18.6,66.0,9.0,POINT (-119.0610 46.4814)
53021001700,Franklin,7.2,23.9,26.6,7.6,12.7,64.5,3.2,POINT (-118.7554 46.4688)
53021001800,Franklin,10.4,29.3,31.8,11.6,15.2,70.0,6.1,POINT (-118.8244 46.4706)
53021001900,Franklin,14.2,44.9,34.5,15.7,22.2,69.2,11.0,POINT (-118.9391 46.5636)
53021002000,Franklin,13.8,36.8,34.5,14.5,20.9,76.1,3.7,POINT (-118.9624 46.4517)
53021002100,Franklin,11.8,42.4,32.7,15.4,22.6,68.9,13.6,POINT (-118.9697 46.5576)
53021002200,Franklin,5.8,28.8,16.9,8.2,11.3,67.7,2.8,POINT (-119.0634 46.4445)
53021002300,Franklin,12.5,43.7,30.6,16.7,23.4,69.9,11.1,POINT (-118.9339 46.6439)
53021002400,Franklin,9.7,31.6,32.3,10.9,19.0,65.7,6.2,POINT (-118.9138 46.5676)
53021002500,Franklin,12.5,41.3,34.7,15.0,23.4,66.2,13.0,POINT (-118.8912 46.6418)
53023000100,Garfield,14.5,35.1,34.0,14.0,21.1,69.3,14.5,POINT (-117.3702 46.4242)
53023000200,Garfield,11.7,30.1,28.0,12.2,18.1,66.0,11.8,POINT (-117.6954 46.4959)
53023000300,Garfield,15.9,37.0,32.9,16.4,23.3,71.2,6.6,POINT (-117.4252 46.3333)
53025000100,Grant,13.9,31.4,36.2,12.2,17.9,69.1,8.7,POINT (-119.4319 47.3108)
53025000200,Grant,11.9,35.7,36.7,10.3,22.2,71.4,6.4,POINT (-119.3972 47.2263)
53025000300,Grant,8.3,25.4,26.4,8.0,16.7,63.8,7.8,POINT (-119.3779 47.1917)
53025000400,Grant,8.5,28.3,27.1,8.6,7.9,69.1,2.8,POINT (-119.2655 47.0925)
53025000500,Grant,12.7,40.0,30.7,16.2,26.9,63.1,16.5,POINT (-119.3975 47.2850)
53025000600,Grant,10.4,29.8,29.1,9.6,14.4,69.0,2.8,POINT (-119.5856 47.1549)
53025000700,Grant,8.9,30.5,22.8,11.5,17.9,61.6,8.4,POINT (-119.3854 47.1828)
53025000800,Grant,14.6,33.9,34.8,14.1,24.3,68.9,10.8,POINT (-119.4969 47.2501)
53025000900,Grant,15.2,47.1,41.4,18.6,26.7,68.8,14.1,POINT (-119.3245 47.2440)
53025001000,Grant,12.7,40.8,35.3,12.4,23.7,67.5,9.9,POINT (-119.4698 47.0679)
53025001100,Grant,12.3,42.6,41.2,17.3,25.2,72.9,12.5,POINT (-119.4315 47.2876)
53025001200,Grant,10.8,39.0,30.9,15.1,23.8,70.0,13.1,POINT (-119.4433 47.2554)
53025001300,Grant,10.1,27.2,24.5,10.1,17.6,68.7,11.9,POINT (-119.6282 47.3576)
53025001400,Grant,11.6,35.5,28.3,12.1,21.1,71.0,8.4,POINT (-119.6134 47.2073)
53025001500,Grant,11.5,25.5,28.5,10.8,18.3,69.7,8.2,POINT (-119.4968 47.1079)
53025001600,Grant,11.7,29.7,32.1,11.7,19.6,67.7,3.9,POINT (-119.2645 47.1067)
53025001700,Grant,14.4,35.7,33.6,15.1,22.4,72.5,11.4,POINT (-119.5156 47.3440)
53025001800,Grant,13.4,29.8,36.3,11.9,18.6,70.8,2.9,POINT (-119.4365 47.2519)
53025001900,Grant,12.7,30.0,28.6,8.1,18.3,67.0,11.8,POINT (-119.3990 47.3047)
53025002000,Grant,10.3,22.5,24.1,10.0,14.7,65.4,7.5,POINT (-119.3447 47.0601)
53025002100,Grant,12.9,39.9,37.6,14.4,19.8,69.5,8.2,POINT (-119.4461 47.2841)
53025002200,Grant,9.2,23.8,26.2,7.8,13.1,65.8,4.3,POINT (-119.2866 47.3309)
53025002300,Grant,9.3,32.2,29.4,7.5,12.0,65.0,2.8,POINT (-119.4068 47.2172)
53025002400,Grant,11.4,25.8,27.0,7.2,14.2,68.7,3.2,POINT (-119.5305 47.3590)
53025002500,Grant,12.1,31.0,30.5,14.6,24.4,64.4,16.1,POINT (-119.5769 47.1574)
53027000100,Grays Harbor,14.3,31.6,36.5,15.3,20.0,67.0,12.0,POINT (-123.6722 47.2688)
53027000200,Grays Harbor,12.9,36.6,33.7,14.5,18.9,72.6,9.5,POINT (-123.5773 47.0317)
53027000300,Grays Harbor,11.7,31.6,26.0,12.3,20.0,67.3,12.5,POINT (-123.6298 47.2193)
53027000400,Grays Harbor,11.4,33.8,27.2,12.1,18.3,68.7,6.9,POINT (-123.7680 47.0144)
53027000500,Grays Harbor,11.9,35.9,29.9,10.0,21.7,73.3,5.1,POINT (-123.7528 47.2096)
53027000600,Grays Harbor,14.0,33.9,34.9,13.6,20.8,67.4,8.1,POINT (-123.6429 47.2000)
53027000700,Grays Harbor,10.0,24.8,25.9,7.0,14.1,72.7,2.8,POINT (-123.6305 47.1123)
53027000800,Grays Harbor,12.8,36.2,33.8,13.7,23.1,71.0,7.2,POINT (-123.8616 47.0489)
53027000900,Grays Harbor,14.4,41.0,34.0,15.8,26.0,68.8,15.6,POINT (-123.8242 47.0130)
53027001000,Grays Harbor,17.1,40.6,38.7,17.2,29.0,69.6,18.8,POINT (-123.6479 47.1140)
53027001100,Grays Harbor,8.9,29.6,23.4,13.2,22.6,64.2,11.6,POINT (-123.7953 47.1959)
53027001200,Grays Harbor,14.4,35.3,35.0,13.6,17.3,69.8,4.7,POINT (-123.9489 47.1956)
53027001300,Grays Harbor,11.0,37.0,26.4,14.7,20.6,66.6,12.1,POINT (-123.7192 47.0541)
53027001400,Grays Harbor,13.1,37.0,35.7,13.3,19.9,66.9,6.6,POINT (-123.6603 47.1924)
53027001500,Grays Harbor,17.1,48.9,42.9,18.9,32.4,73.4,16.9,POINT (-123.6810 47.1209)
53027001600,Grays Harbor,11.6,31.1,30.6,11.4,12.7,68.2,2.8,POINT (-123.5846 47.2052)
53027001700,Grays Harbor,12.7,47.0,34.8,17.0,27.8,71.2,13.9,POINT (-123.7493 47.0645)
53027001800,Grays Harbor,13.8,44.9,32.5,17.9,24.2,70.5,9.1,POINT (-123.5705 47.1805)
53027001900,Grays Harbor,11.2,29.6,31.4,12.4,15.5,69.0,3.8,POINT (-123.7607 47.0604)
53027002000,Grays Harbor,9.1,26.0,24.0,13.2,18.6,62.4,9.4,POINT (-123.7596 47.1039)
53027002100,Grays Harbor,14.8,47.0,33.4,14.4,28.7,71.0,11.6,POINT (-123.9510 47.0696)
53027002200,Grays Harbor,13.6,23.7,32.1,9.6,18.6,66.1,9.2,POINT (-123.8357 47.1718)
53029000100,Island,6.0,28.0,22.0,8.3,11.5,69.6,5.4,POINT (-122.7404 48.1246)
53029000200,Island,7.8,30.3,23.8,9.8,16.2,75.8,2.8,POINT (-122.4898 48.0848)
53029000300,Island,12.0,42.7,37.3,19.9,29.8,71.3,16.0,POINT (-122.5441 48.2443)
53029000400,Island,11.4,42.0,33.8,13.4,22.4,68.0,10.7,POINT (-122.5087 48.1969)
53029000500,Island,11.4,35.1,34.4,13.5,24.1,63.4,12.6,POINT (-122.6404 48.2150)
53029000600,Island,8.9,37.6,29.2,9.9,19.6,67.7,6.0,POINT (-122.5767 48.2175)
53029000700,Island,6.8,27.5,24.0,4.9,13.4,72.5,4.8,POINT (-122.7614 48.2400)
53029000800,Island,5.5,25.0,23.0,9.0,15.5,65.3,8.0,POINT (-122.6276 48.1137)
53029000900,Island,9.5,39.9,33.7,16.3,24.4,74.0,12.0,POINT (-122.8316 48.2168)
53029001000,Island,6.2,33.4,27.2,10.5,15.6,69.7,6.7,POINT (-122.6641 48.1887)
53029001100,Island,8.8,33.6,34.3,14.3,21.9,72.8,7.2,POINT (-122.8396 48.3181)
53029001200,Island,9.3,41.2,31.3,13.5,20.3,66.4,7.9,POINT (-122.5409 48.1745)
53029001300,Island,7.4,23.3,26.0,9.5,12.8,72.8,5.1,POINT (-122.7540 48.2645)
53029001400,Island,10.9,33.3,35.6,10.5,21.2,71.5,10.3,POINT (-122.6727 48.3236)
53029001500,Island,5.4,21.7,23.9,4.8,11.0,64.3,6.1,POINT (-122.4794 48.2195)
53029001600,Island,5.3,27.9,24.6,7.6,14.4,69.2,3.8,POINT (-122.7266 48.3541)
53029001700,Island,5.8,17.8,23.4,3.5,7.3,67.8,2.8,POINT (-122.7397 48.1122)
53029001800,Island,7.6,28.4,28.9,10.5,17.5,70.4,3.7,POINT (-122.8617 48.0791)
53029001900,Island,10.2,37.6,30.2,13.5,21.6,68.8,11.5,POINT (-122.4936 48.1887)
53029002000,Island,11.9,42.9,33.1,17.6,29.9,70.6,19.1,POINT (-122.6654 48.3314)
53029002100,Island,13.4,45.4,39.9,19.9,30.3,71.0,15.4,POINT (-122.8676 48.2396)
53029002200,Island,12.3,35.1,39.9,14.7,20.3,72.6,3.3,POINT (-122.8601 48.1347)
53031000100,Jefferson,11.2,38.7,31.6,14.6,27.4,67.7,12.5,POINT (-123.6517 47.8364)
53031000200,Jefferson,13.3,47.5,38.1,20.4,33.3,68.1,17.8,POINT (-123.4527 47.8707)
53031000300,Jefferson,12.7,45.1,38.1,15.7,30.2,69.5,14.8,POINT (-123.6469 47.6788)
53031000400,Jefferson,10.5,40.3,34.4,15.7,24.9,70.0,13.4,POINT (-123.3497 47.7983)
53031000500,Jefferson,3.3,18.5,17.5,3.5,6.9,66.2,4.4,POINT (-123.5706 47.8255)
53031000600,Jefferson,13.6,37.2,36.6,14.4,22.5,71.1,8.5,POINT (-123.5857 47.7862)
53031000700,Jefferson,6.8,29.2,26.0,8.1,16.0,66.6,7.2,POINT (-123.4105 47.9097)
53031000800,Jefferson,11.7,35.5,34.7,12.4,20.3,69.7,7.0,POINT (-123.5407 47.7943)
53031000900,Jefferson,9.2,24.1,26.4,7.7,13.2,67.7,4.9,POINT (-123.5734 47.7954)
53031001000,Jefferson,10.8,38.0,30.8,11.7,17.5,68.1,6.3,POINT (-123.5520 47.6187)
53033000100,King,6.4,21.9,22.9,7.3,13.7,66.0,5.4,POINT (-121.7895 47.6191)
53033000200,King,6.0,26.8,21.9,9.7,10.6,66.2,4.8,POINT (-121.6860 47.3652)
53033000300,King,8.8,44.1,32.2,14.1,22.4,64.6,11.3,POINT (-121.9425 47.4207)
53033000400,King,6.3,31.4,23.8,10.2,14.6,73.1,3.8,POINT (-121.8091 47.4291)
53033000500,King,12.9,43.6,39.5,17.8,28.7,65.3,15.7,POINT (-121.8434 47.5034)
53033000600,King,10.5,35.1,29.2,12.9,25.0,72.7,12.3,POINT (-121.9134 47.5553)
53033000700,King,10.7,34.2,28.8,10.9,22.9,68.3,11.4,POINT (-121.9699 47.5746)
53033000800,King,7.6,38.3,32.6,18.0,24.2,70.0,8.8,POINT (-121.7745 47.5748)
53033000900,King,12.0,33.1,35.8,10.7,18.3,68.5,6.5,POINT (-121.8474 47.5450)
53033001000,King,7.0,26.3,27.9,6.7,13.5,73.0,2.8,POINT (-122.0081 47.5401)
53033001100,King,6.5,26.9,28.1,9.4,13.8,70.4,2.8,POINT (-122.0178 47.5955)
53033001200,King,10.0,36.3,31.5,11.8,18.0,71.5,9.8,POINT (-121.8093 47.3846)
53033001300,King,6.7,30.3,20.5,8.9,14.9,64.4,5.3,POINT (-122.0095 47.5618)
53033001400,King,6.7,29.4,25.1,5.5,6.9,67.2,2.8,POINT (-121.6506 47.6162)
53033001500,King,1.6,15.8,13.5,6.0,6.9,66.3,2.8,POINT (-121.8475 47.5218)
53033001600,King,3.0,24.6,19.3,8.0,21.1,60.4,17.4,POINT (-121.9087 47.5624)
53033001700,King,7.6,31.2,27.4,10.0,15.3,69.8,2.8,POINT (-121.6735 47.4880)
53033001800,King,10.2,33.0,29.2,11.3,22.1,67.5,12.5,POINT (-121.6692 47.6267)
53033001900,King,6.5,31.2,27.4,14.2,19.3,70.1,9.4,POINT (-121.9470 47.4187)
53033002000,King,11.6,34.2,36.6,12.8,21.3,71.2,10.1,POINT (-121.8635 47.4293)
53033002100,King,8.1,31.7,32.4,13.2,21.9,68.2,8.9,POINT (-121.8903 47.4343)
53033002200,King,10.7,39.7,37.8,13.9,22.3,66.3,10.0,POINT (-121.7350 47.5262)
53033002300,King,10.8,33.9,35.0,12.5,21.6,67.0,11.1,POINT (-121.7142 47.5607)
53033002400,King,1.6,16.0,8.9,5.4,9.0,65.6,7.6,POINT (-122.0209 47.3497)
53033002500,King,6.0,34.6,27.6,11.2,20.2,65.5,8.2,POINT (-121.8268 47.5768)
53033002600,King,6.8,26.1,22.6,10.9,15.6,68.2,6.1,POINT (-122.0190 47.5134)
53033002700,King,3.8,23.9,15.0,6.6,7.2,71.8,2.8,POINT (-121.7847 47.4166)
53033002800,King,8.6,37.4,27.9,14.5,22.2,69.2,14.3,POINT (-121.6732 47.5978)
53033002900,King,10.2,36.1,28.2,11.4,19.3,69.3,6.2,POINT (-121.8218 47.4901)
53033003000,King,14.4,48.3,43.1,19.9,30.6,69.2,16.5,POINT (-121.8250 47.5899)
53033003100,King,9.0,27.0,30.1,9.4,11.6,66.9,3.0,POINT (-121.6780 47.4951)
53033003200,King,13.1,42.7,34.9,17.6,23.6,73.2,9.9,POINT (-121.6764 47.5770)
53033003300,King,8.1,36.7,25.8,10.2,16.4,71.8,2.8,POINT (-121.8302 47.4055)
53033003400,King,1.6,15.8,15.9,5.6,6.9,64.7,4.5,POINT (-121.9955 47.5927)
53033003500,King,3.7,20.7,19.7,6.6,9.1,67.1,2.8,POINT (-121.9668 47.5784)
53033003600,King,6.7,30.2,23.2,10.2,17.2,66.6,8.9,POINT (-121.7952 47.5824)
53033003700,King,5.9,25.8,25.4,8.7,12.6,69.0,5.9,POINT (-121.8507 47.3980)
53033003800,King,3.2,26.7,18.5,8.7,15.5,62.3,6.9,POINT (-121.7865 47.5446)
53033003900,King,7.6,26.4,31.3,7.5,12.7,70.7,2.8,POINT (-121.6803 47.4682)
53033004000,King,7.4,30.8,26.1,10.4,15.5,63.8,8.5,POINT (-121.8377 47.4958)
53033004100,King,12.7,39.7,38.0,16.9,23.2,75.9,10.2,POINT (-121.6712 47.3587)
53033004200,King,12.4,35.8,41.0,15.6,26.0,72.3,11.9,POINT (-121.8287 47.3931)
53033004300,King,11.3,37.6,29.6,12.0,20.4,70.3,9.3,POINT (-121.9538 47.5811)
53033004400,King,11.4,28.4,33.9,7.4,17.7,70.6,7.8,POINT (-121.9437 47.4982)
53033004500,King,6.2,32.9,28.0,12.3,17.9,70.4,5.8,POINT (-121.8143 47.5679)
53033004600,King,10.5,42.7,36.7,14.7,24.7,67.1,13.8,POINT (-121.6822 47.5968)
53033004700,King,9.5,25.1,26.7,8.4,14.5,65.0,8.0,POINT (-121.7498 47.5346)
53033004800,King,9.0,31.6,27.9,13.4,24.1,66.8,12.3,POINT (-121.8862 47.5048)
53033004900,King,9.6,32.0,30.5,13.1,15.8,73.1,5.7,POINT (-121.6767 47.5344)
53033005000,King,7.3,28.9,26.5,6.5,16.8,69.2,7.7,POINT (-121.9142 47.4650)
53033005100,King,10.7,31.3,34.0,11.3,21.3,63.9,11.5,POINT (-121.8658 47.4565)
53033005200,King,6.8,30.4,27.2,9.0,13.6,68.6,2.8,POINT (-121.8406 47.3621)
53033005300,King,10.4,33.6,25.1,11.6,16.9,63.1,6.6,POINT (-121.8046 47.4883)
53033005400,King,8.6,37.7,30.9,12.4,21.3,68.2,8.5,POINT (-121.7948 47.4488)
53033005500,King,5.5,18.0,20.9,5.5,9.6,66.0,2.8,POINT (-121.6578 47.6035)
53033005600,King,9.9,28.3,32.9,8.5,14.4,66.0,4.6,POINT (-122.0230 47.5151)
53033005700,King,10.8,38.2,36.4,15.5,21.4,69.6,8.1,POINT (-121.7577 47.6308)
53033005800,King,11.7,32.3,36.8,14.2,26.8,69.3,16.2,POINT (-121.9811 47.4408)
53033005900,King,14.0,39.4,35.6,12.0,24.2,65.3,12.2,POINT (-121.9729 47.3830)
53033006000,King,9.4,34.2,32.1,13.0,23.6,66.8,11.0,POINT (-121.6791 47.3537)
53033006100,King,6.4,31.3,27.8,11.5,20.3,65.1,14.7,POINT (-121.7600 47.5022)
53033006200,King,12.1,41.8,41.3,13.1,22.0,70.3,10.7,POINT (-121.7234 47.5884)
53033006300,King,5.7,29.7,27.6,11.2,17.3,65.6,6.4,POINT (-121.6531 47.6048)
53033006400,King,11.5,40.7,35.3,14.7,19.1,67.3,13.3,POINT (-121.6599 47.4717)
53033006500,King,5.1,26.1,25.1,5.8,11.7,71.6,2.8,POINT (-122.0117 47.5570)
53033006600,King,15.5,37.5,44.5,15.3,27.8,74.0,11.5,POINT (-121.7653 47.5445)
53033006700,King,8.9,24.1,30.2,9.2,17.1,72.6,7.5,POINT (-121.8908 47.6118)
53033006800,King,8.7,28.1,27.0,12.2,21.9,67.4,12.3,POINT (-122.0351 47.5155)
53033006900,King,6.1,32.2,26.7,14.6,17.9,66.7,9.6,POINT (-122.0151 47.4396)
53033007000,King,10.0,33.4,29.5,14.0,23.1,65.9,16.4,POINT (-121.7130 47.4966)
53033007100,King,11.3,37.4,34.8,15.3,21.8,70.2,5.3,POINT (-121.8290 47.4019)
53033007200,King,10.5,28.5,35.9,10.2,17.5,69.0,6.5,POINT (-121.9917 47.4012)
53033007300,King,11.9,27.0,37.4,11.2,16.4,67.8,11.1,POINT (-122.0083 47.4933)
53033007400,King,6.0,21.7,26.3,7.5,10.2,69.2,2.8,POINT (-122.0275 47.5162)
53033007500,King,11.1,41.2,36.2,16.4,29.5,70.4,12.9,POINT (-121.8200 47.3720)
53033007600,King,9.5,42.7,29.6,14.9,24.3,68.9,10.1,POINT (-122.0284 47.5174)
53033007700,King,11.1,46.9,36.2,16.1,22.1,71.6,11.9,POINT (-121.7046 47.5120)
53033007800,King,9.5,33.5,29.5,10.1,19.9,72.2,4.6,POINT (-121.9875 47.5567)
53033007900,King,12.3,41.4,40.5,13.6,20.3,71.7,8.8,POINT (-121.7711 47.5177)
53033008000,King,12.8,43.0,37.4,14.8,27.9,68.2,18.6,POINT (-121.6979 47.3512)
53033008100,King,7.6,37.0,30.1,12.8,18.7,68.3,9.3,POINT (-121.6998 47.6119)
53033008200,King,8.5,29.0,28.3,10.4,12.0,70.3,2.8,POINT (-121.7420 47.5874)
53033008300,King,5.5,18.3,17.3,3.5,6.9,72.8,2.8,POINT (-121.7685 47.5300)
53033008400,King,8.8,33.9,30.2,12.1,16.5,73.7,9.7,POINT (-121.7750 47.5819)
53033008500,King,4.1,18.8,19.0,3.5,8.5,65.1,7.6,POINT (-121.8896 47.4383)
53033008600,King,11.3,37.9,37.4,16.7,23.9,68.1,12.6,POINT (-122.0332 47.6091)
53033008700,King,10.5,36.0,29.0,11.8,19.9,68.9,14.1,POINT (-121.6581 47.5496)
53033008800,King,4.9,27.0,26.1,13.0,16.4,69.2,8.7,POINT (-121.6424 47.5519)
53033008900,King,8.8,31.8,30.7,6.5,16.0,70.8,4.5,POINT (-122.0263 47.5463)
53033009000,King,13.5,38.0,37.3,18.9,26.0,68.4,14.3,POINT (-121.9261 47.5881)
53033009100,King,10.4,36.2,29.6,12.4,19.2,69.0,9.9,POINT (-121.9152 47.4738)
53033009200,King,9.4,25.4,32.4,9.7,19.9,71.2,11.5,POINT (-121.8674 47.4206)
53033009300,King,9.5,39.5,33.2,14.4,28.0,72.6,15.2,POINT (-121.7867 47.4536)
53033009400,King,5.2,19.5,22.4,6.0,8.9,68.1,5.9,POINT (-121.9212 47.5839)
53033009500,King,10.1,29.5,31.1,9.3,16.1,68.6,5.5,POINT (-121.7732 47.4041)
53033009600,King,5.2,24.8,21.0,3.5,12.5,71.6,2.8,POINT (-121.6795 47.5411)
53033009700,King,8.4,26.2,32.4,13.0,19.4,72.5,8.9,POINT (-121.6988 47.3448)
53033009800,King,5.0,23.1,22.2,6.1,10.4,67.5,2.9,POINT (-121.7915 47.4963)
53033009900,King,8.5,26.8,26.4,6.9,16.0,62.5,11.1,POINT (-121.8670 47.3674)
53033010000,King,11.8,36.5,28.6,13.1,21.7,65.7,10.9,POINT (-121.9383 47.4082)
53033010100,King,12.2,41.5,34.3,12.9,21.9,70.0,11.1,POINT (-121.7150 47.4912)
53033010200,King,7.0,31.0,31.4,12.3,18.4,68.9,7.3,POINT (-121.8036 47.5631)
53033010300,King,11.3,34.1,34.2,13.1,20.3,66.0,11.2,POINT (-121.8691 47.5018)
53033010400,King,8.2,33.2,27.4,14.1,18.5,73.3,3.6,POINT (-121.8159 47.6318)
53033010500,King,9.4,35.5,29.1,13.7,24.3,62.0,16.1,POINT (-121.9480 47.4162)
53033010600,King,1.6,15.8,20.0,3.5,6.9,67.0,2.8,POINT (-121.8309 47.5234)
53033010700,King,3.8,17.9,22.9,8.4,11.4,63.6,10.5,POINT (-121.7080 47.3423)
53033010800,King,12.3,41.9,34.9,16.1,25.2,71.2,15.9,POINT (-121.7753 47.5512)
53033010900,King,10.5,30.7,35.9,12.2,21.7,75.1,6.2,POINT (-121.8952 47.3606)
53033011000,King,8.3,28.8,24.1,10.6,22.9,62.1,14.3,POINT (-121.6950 47.6206)
53033011100,King,9.9,34.9,31.7,10.4,19.2,67.8,3.5,POINT (-121.9772 47.4257)
53033011200,King,11.3,41.2,35.3,16.2,27.7,70.9,16.5,POINT (-121.8977 47.4747)
53033011300,King,7.6,35.7,28.9,12.9,16.8,69.8,4.7,POINT (-121.6534 47.5447)
53033011400,King,6.7,24.6,22.3,12.1,20.1,72.5,7.2,POINT (-122.0151 47.4489)
53033011500,King,8.5,25.9,26.4,7.2,16.8,67.6,10.3,POINT (-122.0248 47.6093)
53033011600,King,9.9,44.4,29.3,18.8,29.7,65.4,20.4,POINT (-121.7742 47.6258)
53033011700,King,9.2,31.9,28.1,10.1,22.4,69.0,13.1,POINT (-121.9601 47.6225)
53033011800,King,6.4,24.1,27.1,5.2,10.1,69.4,2.8,POINT (-121.8447 47.3522)
53033011900,King,7.9,32.2,29.9,12.8,17.0,68.2,10.4,POINT (-121.9074 47.4752)
53033012000,King,10.6,29.4,33.2,7.2,15.6,76.5,2.8,POINT (-121.7110 47.6273)
53033012100,King,6.3,30.7,21.1,8.9,16.2,65.4,7.5,POINT (-121.9749 47.5385)
53033012200,King,10.2,36.7,33.3,13.0,22.2,69.7,11.6,POINT (-121.7492 47.5603)
53033012300,King,7.1,28.1,23.6,9.4,13.3,64.4,7.0,POINT (-121.6701 47.4675)
53033012400,King,8.9,35.8,29.1,13.7,22.3,70.2,9.1,POINT (-121.9331 47.3901)
53033012500,King,8.7,33.6,29.7,8.0,16.2,76.6,2.9,POINT (-121.7218 47.3590)
53033012600,King,6.5,29.5,26.2,12.2,14.8,70.3,7.1,POINT (-121.9140 47.5265)
53033012700,King,8.0,32.1,30.9,13.1,17.0,71.7,6.3,POINT (-122.0239 47.3891)
53033012800,King,8.5,32.0,28.7,13.7,20.1,65.1,10.2,POINT (-121.8587 47.3900)
53033012900,King,8.8,37.6,31.9,12.0,25.8,70.7,15.6,POINT (-121.9364 47.4142)
53033013000,King,8.0,32.9,30.5,14.0,23.1,71.6,10.5,POINT (-121.8339 47.6027)
53033013100,King,6.9,30.1,28.5,9.8,18.7,73.5,4.8,POINT (-122.0257 47.5588)
53033013200,King,6.2,26.7,25.3,7.7,16.7,69.7,6.9,POINT (-121.8483 47.4495)
53033013300,King,4.8,18.6,21.5,3.5,8.3,67.8,8.7,POINT (-121.9919 47.3959)
53033013400,King,14.1,41.4,39.7,18.5,32.6,66.0,15.4,POINT (-121.6642 47.6011)
53033013500,King,6.8,30.9,27.3,12.6,15.6,61.3,10.7,POINT (-121.9004 47.3636)
53033013600,King,6.3,18.4,23.7,7.2,11.4,66.4,4.4,POINT (-122.0067 47.6275)
53033013700,King,7.4,23.5,24.2,8.8,15.1,68.3,4.6,POINT (-121.6511 47.5331)
53033013800,King,7.9,20.8,26.9,9.8,11.5,66.5,5.7,POINT (-121.8515 47.6335)
53033013900,King,11.5,35.2,32.8,9.6,18.9,76.7,6.6,POINT (-121.9592 47.3888)
53033014000,King,8.3,32.6,28.8,10.0,19.1,69.9,8.3,POINT (-121.6753 47.6069)
53033014100,King,5.9,32.5,26.5,9.8,18.3,67.2,6.5,POINT (-121.7335 47.5224)
53033014200,King,6.4,19.8,25.1,3.5,6.9,62.8,2.8,POINT (-121.7753 47.5620)
53033014300,King,8.0,29.1,25.1,7.8,15.6,66.8,7.7,POINT (-121.7658 47.5882)
53033014400,King,6.1,27.9,27.8,10.4,14.9,69.5,5.1,POINT (-121.9452 47.5002)
53033014500,King,8.4,29.9,28.1,11.0,15.2,65.7,3.8,POINT (-121.8506 47.5632)
53033014600,King,4.3,18.3,20.5,3.5,8.7,67.7,2.8,POINT (-121.7192 47.4284)
53033014700,King,10.0,38.0,29.9,14.8,20.7,69.2,7.2,POINT (-121.6651 47.5490)
53033014800,King,3.9,21.1,19.3,5.1,6.9,65.9,2.8,POINT (-121.7803 47.3896)
53033014900,King,8.2,31.9,26.9,13.5,17.1,69.6,10.6,POINT (-121.6786 47.4133)
53033015000,King,9.5,32.7,29.6,13.9,17.7,65.8,8.2,POINT (-121.7775 47.3698)
53033015100,King,11.4,38.9,32.6,14.2,21.6,67.6,13.2,POINT (-121.8980 47.5773)
53033015200,King,4.9,31.9,25.1,12.5,16.6,67.4,4.2,POINT (-121.6997 47.6262)
53033015300,King,7.0,31.0,29.8,8.5,14.4,69.3,2.8,POINT (-122.0370 47.4284)
53033015400,King,9.8,30.9,30.7,10.5,16.1,69.6,5.9,POINT (-121.9275 47.4290)
53033015500,King,7.4,26.3,27.2,12.2,18.0,71.2,4.9,POINT (-121.6532 47.6070)
53033015600,King,8.7,27.2,25.0,8.1,17.6,71.2,8.2,POINT (-121.8515 47.3611)
53033015700,King,4.5,23.1,21.8,7.3,7.1,64.8,2.8,POINT (-122.0028 47.5045)
53033015800,King,9.7,24.1,29.5,9.0,17.8,71.3,9.1,POINT (-121.9132 47.4532)
53033015900,King,6.3,19.0,22.5,7.8,15.6,69.5,8.3,POINT (-121.7755 47.5008)
53033016000,King,9.3,30.6,29.9,14.3,18.8,73.5,7.3,POINT (-121.9853 47.5510)
53033016100,King,11.7,31.3,35.9,10.7,15.9,71.6,7.7,POINT (-121.7686 47.5839)
53033016200,King,6.2,20.6,23.4,6.3,12.5,70.8,3.9,POINT (-121.8603 47.6067)
53033016300,King,13.0,41.1,37.1,13.0,22.6,70.3,12.4,POINT (-121.6937 47.6082)
53033016400,King,9.5,28.2,30.7,11.6,22.1,71.9,12.5,POINT (-121.8875 47.4715)
53033016500,King,8.5,33.3,32.5,9.4,16.2,68.1,6.9,POINT (-121.7539 47.6198)
53033016600,King,11.4,34.5,28.2,12.2,22.7,70.4,12.6,POINT (-121.7212 47.6185)
53033016700,King,7.6,24.3,27.9,6.6,18.1,70.9,6.1,POINT (-121.9937 47.5228)
53033016800,King,6.8,28.0,25.0,11.5,17.5,65.5,13.8,POINT (-121.6525 47.4274)
53033016900,King,8.5,34.9,27.9,13.1,20.9,62.8,16.9,POINT (-122.0027 47.4358)
53033017000,King,11.6,35.7,32.0,14.2,22.9,70.5,12.0,POINT (-121.7464 47.5523)
53033017100,King,9.6,40.1,33.6,12.8,24.6,75.3,17.7,POINT (-121.9209 47.4256)
53033017200,King,5.5,27.0,18.0,9.6,13.1,72.0,2.8,POINT (-122.0313 47.4807)
53033017300,King,4.1,21.2,15.0,7.3,6.9,65.7,2.8,POINT (-121.9132 47.5768)
53033017400,King,7.5,37.1,29.1,11.4,18.6,69.4,8.8,POINT (-121.7189 47.5961)
53033017500,King,4.9,27.4,15.4,7.2,10.9,67.9,4.0,POINT (-121.9101 47.5384)
53033017600,King,4.8,20.2,21.7,5.7,8.7,66.1,4.1,POINT (-121.8621 47.4949)
53033017700,King,7.0,28.4,31.7,7.0,9.3,72.8,2.8,POINT (-121.7007 47.4417)
53033017800,King,7.5,26.3,26.0,12.1,19.5,70.4,6.3,POINT (-121.7069 47.4851)
53033017900,King,5.5,15.8,19.1,5.2,10.0,66.0,4.4,POINT (-121.9836 47.3716)
53033018000,King,6.6,28.9,27.4,6.6,13.8,72.2,2.8,POINT (-121.8049 47.6332)
53033018100,King,10.1,47.1,33.7,18.3,25.5,70.3,13.7,POINT (-121.8307 47.4929)
53033018200,King,8.8,27.7,29.6,12.7,20.1,71.6,9.0,POINT (-121.7525 47.4046)
53033018300,King,10.2,36.1,30.1,14.0,19.5,67.1,10.3,POINT (-121.8107 47.3654)
53033018400,King,9.1,27.4,32.1,11.0,16.1,65.1,7.5,POINT (-121.6743 47.5112)
53033018500,King,7.2,29.7,25.6,6.2,12.0,68.1,4.9,POINT (-121.9852 47.4979)
53033018600,King,6.6,35.4,21.4,14.5,19.8,69.2,10.4,POINT (-122.0035 47.5118)
53033018700,King,11.2,35.0,31.2,16.0,23.6,69.6,15.6,POINT (-122.0276 47.4011)
53033018800,King,5.8,29.0,22.5,9.2,14.8,63.0,5.8,POINT (-122.0062 47.4940)
53033018900,King,11.7,41.6,35.8,16.4,24.9,74.5,10.8,POINT (-121.6668 47.4808)
53033019000,King,8.9,37.5,28.6,16.6,20.0,73.2,8.0,POINT (-122.0090 47.5559)
53033019100,King,7.7,21.7,25.1,5.2,9.8,68.2,4.7,POINT (-121.7705 47.4073)
53033019200,King,8.9,33.6,27.1,10.3,22.0,66.5,15.6,POINT (-122.0268 47.6084)
53033019300,King,7.7,30.1,30.3,13.0,19.0,67.8,9.2,POINT (-121.8153 47.5837)
53033019400,King,9.2,36.9,31.0,14.6,26.1,70.3,14.4,POINT (-121.6569 47.5038)
53033019500,King,4.5,15.8,20.6,3.5,6.9,68.2,2.8,POINT (-121.7000 47.5643)
53033019600,King,11.2,37.0,32.4,15.9,23.6,70.9,10.9,POINT (-121.8183 47.4462)
53033019700,King,6.7,28.6,25.6,10.5,15.6,62.6,7.4,POINT (-121.9114 47.5246)
53033019800,King,10.3,33.7,31.8,14.5,20.4,64.6,11.0,POINT (-121.9453 47.5111)
53033019900,King,7.1,24.7,25.3,9.2,14.7,69.0,10.5,POINT (-121.8904 47.3830)
53033020000,King,7.5,30.9,25.9,9.0,14.2,67.2,6.5,POINT (-121.6735 47.5618)
53033020100,King,14.2,39.3,38.8,15.6,26.7,71.9,16.5,POINT (-121.7829 47.4773)
53033020200,King,1.6,15.8,14.0,3.5,6.9,51.4,2.8,POINT (-121.6782 47.3709)
53033020300,King,9.0,27.6,26.7,7.9,15.1,66.9,7.8,POINT (-121.7279 47.5106)
53033020400,King,1.6,15.8,11.2,3.5,6.9,67.6,2.8,POINT (-121.9374 47.5783)
53033020500,King,8.5,34.0,34.1,11.4,19.6,65.1,3.8,POINT (-121.6558 47.4988)
53033020600,King,10.5,35.3,35.9,10.6,20.5,76.8,7.7,POINT (-121.7668 47.3669)
53033020700,King,9.0,32.6,26.0,14.3,19.5,69.2,6.3,POINT (-121.9198 47.6287)
53033020800,King,5.4,32.1,22.9,13.3,18.3,61.5,13.1,POINT (-121.6665 47.5984)
53033020900,King,6.9,31.6,26.3,7.8,14.8,75.6,4.5,POINT (-121.9475 47.5641)
53033021000,King,8.2,35.8,29.7,13.2,17.7,69.8,9.9,POINT (-122.0257 47.4402)
53033021100,King,6.3,33.7,25.3,9.6,18.4,67.6,10.2,POINT (-121.7002 47.5894)
53033021200,King,7.6,29.6,28.5,10.9,12.4,65.5,7.1,POINT (-121.8990 47.5298)
53033021300,King,8.0,28.3,24.2,7.7,9.4,68.0,2.8,POINT (-121.7388 47.3630)
53033021400,King,5.9,26.4,24.8,12.6,13.8,71.0,7.5,POINT (-121.6750 47.5580)
53033021500,King,6.4,28.5,23.8,9.8,19.0,69.6,10.2,POINT (-121.7085 47.5592)
53033021600,King,7.3,22.7,25.1,9.8,11.4,64.7,5.6,POINT (-121.7877 47.5638)
53033021700,King,5.9,23.1,22.3,4.6,7.4,70.2,2.8,POINT (-121.6792 47.4681)
53033021800,King,4.3,20.9,22.3,5.7,8.9,68.0,2.8,POINT (-121.8807 47.5353)
53033021900,King,9.6,35.3,30.3,14.9,19.6,72.3,9.0,POINT (-121.9237 47.3650)
53033022000,King,7.5,29.6,26.8,12.6,15.9,65.8,10.4,POINT (-121.9297 47.5031)
53033022100,King,6.9,32.5,30.7,10.5,18.7,66.2,10.4,POINT (-121.8290 47.4064)
53033022200,King,8.8,34.3,28.3,9.1,18.1,63.1,8.5,POINT (-121.7198 47.3909)
53033022300,King,10.7,36.6,38.5,15.9,22.6,71.0,10.3,POINT (-121.8105 47.4853)
53033022400,King,4.4,19.6,18.9,3.5,6.9,66.8,2.8,POINT (-121.9102 47.3842)
53033022500,King,9.4,36.4,31.7,12.7,22.0,71.8,10.5,POINT (-121.7167 47.4630)
53033022600,King,6.3,28.6,27.9,8.4,19.4,67.5,9.2,POINT (-121.9508 47.5710)
53033022700,King,6.7,29.1,21.0,8.5,11.8,67.7,6.6,POINT (-121.9426 47.5249)
53033022800,King,10.0,23.8,35.7,9.5,14.6,71.3,5.2,POINT (-121.6592 47.6365)
53033022900,King,6.7,29.0,24.0,8.9,13.2,63.7,6.5,POINT (-121.7604 47.5090)
53033023000,King,9.8,36.4,34.0,14.1,20.8,72.6,5.5,POINT (-121.7516 47.5804)
53033023100,King,6.1,22.7,26.5,9.1,15.2,71.6,3.6,POINT (-121.6566 47.5499)
53033023200,King,9.2,32.4,32.5,11.6,18.1,71.6,9.1,POINT (-121.7855 47.5189)
53033023300,King,6.7,27.8,22.6,4.3,11.2,70.3,2.9,POINT (-121.7720 47.5948)
53033023400,King,3.5,20.5,13.2,8.0,8.5,68.7,5.1,POINT (-121.9463 47.5599)
53033023500,King,6.1,22.0,24.5,5.3,10.8,67.0,2.8,POINT (-121.9811 47.4514)
53033023600,King,2.0,21.7,16.4,4.7,10.0,70.0,2.8,POINT (-121.8577 47.4917)
53033023700,King,7.5,31.9,23.8,11.4,19.0,69.7,4.5,POINT (-121.7955 47.6391)
53033023800,King,6.4,23.8,24.7,8.6,17.4,66.5,7.7,POINT (-121.9064 47.5759)
53033023900,King,11.2,38.1,37.8,15.1,21.2,67.0,6.7,POINT (-121.7940 47.5895)
53033024000,King,10.0,39.7,37.5,16.5,27.6,69.0,11.8,POINT (-121.9222 47.5491)
53033024100,King,10.5,37.2,33.4,14.7,23.7,73.7,13.8,POINT (-121.7864 47.5046)
53033024200,King,9.7,37.6,33.3,13.0,23.0,65.9,14.5,POINT (-121.6739 47.5167)
53033024300,King,5.4,26.9,20.8,9.6,14.3,62.1,9.0,POINT (-121.6516 47.6095)
53033024400,King,6.9,32.5,26.4,11.9,15.8,66.5,6.1,POINT (-121.6512 47.5402)
53033024500,King,10.5,42.8,31.9,18.1,21.3,65.5,9.3,POINT (-121.9317 47.5897)
53033024600,King,5.0,17.8,22.1,4.6,9.8,69.9,2.8,POINT (-121.9446 47.4682)
53033024700,King,10.0,34.1,28.8,14.6,20.6,65.6,11.1,POINT (-121.9648 47.3413)
53033024800,King,6.1,25.1,24.8,8.8,11.9,66.6,7.0,POINT (-121.7521 47.3412)
53033024900,King,9.6,42.9,35.5,18.1,23.0,72.4,10.2,POINT (-121.9150 47.4677)
53033025000,King,7.0,29.4,28.5,11.0,15.0,71.1,3.7,POINT (-121.7070 47.5685)
53033025100,King,8.9,31.0,29.0,12.6,16.9,74.7,2.8,POINT (-121.7832 47.6326)
53033025200,King,6.8,30.1,27.5,10.1,16.1,70.1,5.6,POINT (-121.9179 47.4785)
53033025300,King,11.8,41.6,38.4,14.2,23.7,70.6,8.4,POINT (-121.9548 47.4067)
53033025400,King,9.2,30.6,31.8,9.1,20.7,67.4,10.5,POINT (-121.6433 47.4628)
53033025500,King,10.3,32.5,34.5,9.8,21.6,70.8,8.0,POINT (-121.9611 47.3403)
53033025600,King,7.6,33.5,26.2,10.2,16.5,65.0,12.2,POINT (-121.7532 47.3965)
53033025700,King,6.9,32.3,27.0,9.2,15.8,71.3,4.9,POINT (-121.8571 47.4457)
53033025800,King,11.3,41.5,37.6,15.0,21.7,69.3,10.3,POINT (-121.8780 47.3846)
53033025900,King,9.7,24.2,30.0,9.1,15.2,73.2,6.2,POINT (-121.8268 47.3710)
53033026000,King,11.6,36.5,37.5,17.3,28.8,67.1,16.0,POINT (-121.7238 47.3694)
53033026100,King,7.5,31.8,29.1,9.5,16.5,63.3,11.4,POINT (-121.7504 47.5100)
53033026200,King,7.1,29.1,25.4,12.1,11.0,67.8,3.6,POINT (-121.8874 47.4656)
53033026300,King,7.2,36.8,25.3,14.3,21.6,71.6,8.8,POINT (-121.8305 47.3695)
53033026400,King,6.5,32.7,26.9,8.1,13.5,70.3,5.6,POINT (-121.8528 47.4944)
53033026500,King,6.6,15.8,24.9,3.5,6.9,60.3,2.8,POINT (-121.7070 47.5622)
53033026600,King,8.7,30.9,32.8,12.4,23.2,65.6,12.6,POINT (-121.9825 47.5652)
53033026700,King,4.3,22.6,20.0,7.8,12.0,68.7,6.1,POINT (-122.0079 47.5266)
53033026800,King,13.7,40.1,36.7,16.4,24.3,75.0,10.3,POINT (-121.8873 47.5484)
53033026900,King,6.9,26.5,27.5,8.6,13.0,74.0,2.8,POINT (-121.6952 47.3797)
53033027000,King,8.4,34.4,25.1,13.1,17.4,70.3,5.5,POINT (-121.8981 47.5242)
53033027100,King,10.1,39.5,35.1,15.2,23.1,68.6,14.8,POINT (-121.8251 47.3492)
53033027200,King,6.6,23.4,26.3,6.1,9.5,64.6,2.8,POINT (-121.8014 47.6170)
53033027300,King,8.1,32.0,30.9,12.4,18.7,68.8,9.7,POINT (-121.9854 47.6315)
53033027400,King,11.5,37.9,33.9,12.5,18.2,72.4,8.1,POINT (-121.7207 47.5105)
53033027500,King,9.8,33.5,35.1,11.5,21.7,70.6,8.3,POINT (-122.0036 47.4977)
53033027600,King,9.8,35.9,32.8,13.4,21.3,77.1,10.7,POINT (-121.7953 47.5149)
53033027700,King,10.1,35.2,34.9,14.2,22.2,69.3,10.6,POINT (-121.7355 47.5586)
53033027800,King,1.6,17.2,12.0,6.5,8.1,61.1,4.2,POINT (-121.7746 47.5712)
53033027900,King,5.7,28.4,24.6,11.1,14.4,67.9,2.9,POINT (-121.8783 47.4047)
53033028000,King,10.1,36.9,33.8,13.8,22.9,75.0,9.0,POINT (-121.6586 47.5728)
53033028100,King,8.7,27.1,26.5,9.7,18.9,67.6,9.0,POINT (-121.8258 47.3637)
53033028200,King,7.3,27.0,27.1,6.3,15.8,67.2,8.2,POINT (-121.9498 47.4338)
53033028300,King,5.2,28.2,24.6,9.8,12.6,68.8,2.8,POINT (-121.7976 47.4917)
53033028400,King,7.7,34.7,30.2,12.3,16.9,71.3,6.2,POINT (-121.7279 47.3429)
53033028500,King,1.7,23.8,17.7,8.9,9.5,56.5,6.7,POINT (-121.6538 47.5860)
53033028600,King,9.1,25.2,26.5,14.2,19.2,69.7,8.8,POINT (-121.8022 47.3942)
53033028700,King,3.1,20.6,17.6,4.7,8.1,67.5,2.8,POINT (-121.9061 47.4680)
53033028800,King,5.2,27.5,17.8,4.6,11.8,68.6,3.5,POINT (-121.7270 47.5097)
53033028900,King,4.9,21.5,20.7,3.5,6.9,69.8,2.8,POINT (-121.6522 47.3469)
53033029000,King,7.3,32.7,22.2,12.4,16.6,68.0,7.5,POINT (-121.7395 47.5830)
53033029100,King,11.6,33.7,36.3,12.4,20.7,70.3,7.3,POINT (-121.8844 47.5681)
53033029200,King,8.3,30.9,29.2,11.1,19.8,71.9,6.1,POINT (-121.8853 47.5655)
53033029300,King,10.5,30.1,33.8,12.5,15.6,70.3,4.9,POINT (-121.9691 47.6096)
53033029400,King,6.4,33.7,24.1,9.8,16.4,70.2,6.0,POINT (-121.8195 47.4277)
53033029500,King,11.3,39.2,29.2,13.7,21.1,70.4,3.9,POINT (-121.8703 47.4358)
53033029600,King,14.7,45.7,42.0,20.7,43.2,74.0,38.6,POINT (-121.6975 47.4877)
53033029700,King,8.7,31.3,28.0,9.5,15.1,65.0,6.7,POINT (-121.8950 47.4970)
53033029800,King,4.1,24.1,20.4,7.4,10.5,76.5,4.0,POINT (-121.8765 47.4143)
53033029900,King,5.2,26.4,21.2,6.3,8.4,69.0,2.8,POINT (-121.7416 47.4947)
53033030000,King,10.8,40.3,37.7,13.6,23.9,73.2,9.0,POINT (-121.9514 47.3763)
53033030100,King,6.4,34.8,26.5,13.1,17.3,64.5,7.4,POINT (-121.8958 47.4539)
53033030200,King,8.0,26.0,27.4,5.7,9.8,71.4,2.8,POINT (-121.7226 47.4575)
53033030300,King,7.4,24.9,23.5,7.6,15.0,70.7,4.7,POINT (-121.8392 47.4372)
53033030400,King,5.5,27.0,21.1,7.5,16.0,69.9,7.0,POINT (-121.9471 47.5272)
53033030500,King,5.2,26.2,25.3,7.6,16.0,72.4,9.4,POINT (-121.8212 47.5556)
53033030600,King,9.1,35.3,34.2,13.8,20.2,68.8,9.8,POINT (-121.7161 47.4740)
53033030700,King,5.1,24.5,25.1,3.5,12.7,72.5,2.8,POINT (-121.6867 47.4130)
53033030800,King,9.7,33.9,34.6,14.5,18.6,71.8,7.1,POINT (-121.7963 47.5083)
53033030900,King,8.5,28.4,33.2,12.2,17.0,65.8,7.3,POINT (-121.7130 47.6025)
53033031000,King,9.4,34.4,34.2,14.2,24.0,71.0,8.4,POINT (-121.7387 47.5205)
53033031100,King,7.9,35.1,28.3,13.3,19.4,65.5,9.8,POINT (-121.8210 47.4700)
53033031200,King,9.1,29.8,29.2,8.9,18.9,68.5,12.1,POINT (-122.0041 47.3586)
53033031300,King,12.2,38.2,33.6,10.7,16.8,66.5,10.4,POINT (-122.0161 47.5888)
53033031400,King,8.6,33.6,23.8,9.5,18.9,68.9,8.6,POINT (-121.7217 47.3908)
53033031500,King,9.8,41.2,32.0,15.4,24.1,76.8,5.1,POINT (-121.9270 47.3403)
53033031600,King,10.0,34.0,33.5,11.4,19.4,72.5,14.9,POINT (-121.8018 47.5152)
53033031700,King,10.4,31.4,31.1,10.8,14.3,68.7,7.1,POINT (-121.8376 47.5731)
53033031800,King,5.2,29.9,24.4,8.2,13.5,73.2,5.0,POINT (-121.7499 47.4928)
53033031900,King,8.4,30.3,28.8,9.7,11.6,75.4,2.8,POINT (-121.7966 47.4896)
53033032000,King,9.3,32.9,28.7,11.6,15.1,75.9,2.8,POINT (-121.8794 47.6093)
53033032100,King,5.8,24.4,26.7,7.9,10.2,72.6,2.9,POINT (-122.0386 47.4555)
53033032200,King,9.7,37.0,38.0,18.1,24.0,75.4,11.4,POINT (-122.0281 47.5240)
53033032300,King,9.6,26.1,29.7,7.9,17.0,72.8,2.8,POINT (-121.7183 47.4912)
53033032400,King,8.3,36.2,28.8,14.3,22.2,69.7,10.4,POINT (-121.9321 47.5050)
53033032500,King,5.3,20.5,23.8,6.2,10.5,66.8,2.8,POINT (-121.9321 47.5759)
53033032600,King,11.0,34.8,30.2,14.5,21.9,69.0,15.3,POINT (-121.7959 47.5599)
53033032700,King,8.3,32.5,25.8,11.0,19.3,63.5,11.3,POINT (-121.6779 47.3910)
53033032800,King,8.6,32.0,31.9,12.1,22.7,66.6,12.3,POINT (-121.6442 47.4002)
53033032900,King,8.6,26.9,30.9,14.1,20.0,70.3,10.1,POINT (-121.9346 47.3422)
53033033000,King,6.6,19.8,22.2,3.5,12.9,67.7,4.1,POINT (-122.0344 47.4000)
53033033100,King,10.6,30.5,30.4,11.5,21.6,70.8,11.1,POINT (-121.7626 47.5597)
53033033200,King,8.5,33.4,29.9,10.0,17.5,66.4,8.1,POINT (-121.9373 47.5777)
53033033300,King,7.1,40.3,27.9,11.4,18.6,70.7,11.1,POINT (-121.7764 47.4733)
53033033400,King,6.9,21.5,26.9,4.3,9.1,68.5,2.8,POINT (-121.7611 47.4719)
53033033500,King,10.1,31.5,31.0,11.6,19.6,69.8,10.1,POINT (-121.9941 47.5302)
53033033600,King,10.5,37.0,34.3,10.8,19.8,72.2,9.2,POINT (-121.7517 47.5743)
53033033700,King,6.6,25.1,23.4,9.2,17.0,66.4,10.9,POINT (-121.9780 47.5368)
53033033800,King,8.7,31.3,28.7,12.6,20.1,75.6,6.1,POINT (-121.8827 47.4204)
53033033900,King,9.6,31.4,28.7,11.4,19.1,77.7,6.2,POINT (-121.9489 47.4240)
53033034000,King,5.5,27.1,18.0,8.3,13.4,68.8,7.8,POINT (-121.7847 47.5816)
53033034100,King,7.1,28.2,24.2,7.3,14.3,64.5,5.6,POINT (-121.9496 47.5096)
53033034200,King,5.9,29.0,28.8,7.1,8.8,69.3,2.8,POINT (-121.9635 47.6154)
53033034300,King,8.9,30.3,29.0,11.6,20.9,63.0,11.3,POINT (-121.6533 47.5785)
53033034400,King,8.9,28.2,33.7,9.0,16.1,72.2,3.7,POINT (-121.6429 47.5581)
53033034500,King,3.7,20.6,22.0,5.1,7.0,70.6,2.8,POINT (-121.9530 47.5353)
53033034600,King,7.1,29.5,28.3,14.7,22.2,71.6,10.0,POINT (-121.9102 47.4011)
53033034700,King,5.8,26.7,24.0,6.5,11.7,69.6,3.9,POINT (-121.7673 47.3421)
53033034800,King,9.6,35.0,30.1,11.8,16.8,74.8,5.4,POINT (-121.7139 47.4206)
53033034900,King,7.8,26.1,34.6,7.1,12.9,72.3,3.7,POINT (-121.8480 47.4478)
53033035000,King,10.7,43.9,35.9,14.5,23.3,71.8,15.0,POINT (-121.9431 47.6297)
53033035100,King,4.8,30.0,23.1,11.2,15.9,64.9,9.8,POINT (-121.7380 47.5564)
53033035200,King,10.0,38.7,32.5,13.2,17.9,72.5,7.4,POINT (-121.8396 47.4063)
53033035300,King,5.9,24.3,22.4,4.8,8.4,64.7,2.8,POINT (-121.7312 47.4451)
53033035400,King,6.5,20.6,29.3,9.1,12.2,69.8,4.8,POINT (-121.8496 47.5267)
53033035500,King,11.3,33.3,36.9,11.7,17.2,73.3,8.6,POINT (-121.9459 47.5738)
53033035600,King,14.8,38.2,42.5,14.8,27.2,67.8,11.6,POINT (-121.6939 47.5661)
53033035700,King,6.4,28.0,23.3,10.5,18.4,69.3,12.7,POINT (-121.7265 47.6036)
53033035800,King,9.4,27.9,33.5,9.0,18.5,75.2,7.3,POINT (-121.6473 47.4624)
53033035900,King,4.6,20.1,24.2,5.6,10.1,70.6,3.5,POINT (-121.7845 47.4539)
53033036000,King,9.0,31.7,29.1,13.1,21.3,67.9,13.7,POINT (-121.6478 47.3883)
53033036100,King,8.0,26.9,25.6,7.4,13.2,72.4,2.8,POINT (-121.7386 47.5512)
53033036200,King,8.8,29.3,28.6,7.5,14.3,68.9,6.2,POINT (-121.7346 47.3597)
53033036300,King,8.9,27.0,31.9,10.1,17.4,69.8,6.1,POINT (-121.7713 47.5724)
53033036400,King,8.9,34.4,25.6,11.2,18.0,69.0,11.1,POINT (-121.8441 47.4276)
53033036500,King,6.4,25.4,23.3,6.7,11.5,70.4,2.8,POINT (-121.8514 47.3731)
53033036600,King,9.4,25.8,28.3,8.6,19.5,68.2,4.5,POINT (-121.9004 47.4131)
53033036700,King,3.3,22.0,20.5,6.9,11.0,70.7,2.8,POINT (-121.9480 47.3888)
53033036800,King,10.6,28.3,29.7,7.0,14.4,69.7,5.2,POINT (-121.6720 47.3630)
53033036900,King,8.5,27.5,27.9,6.7,17.0,68.4,6.0,POINT (-121.8813 47.4991)
53033037000,King,12.3,33.3,32.8,10.8,19.6,71.5,10.2,POINT (-121.7887 47.5005)
53033037100,King,14.8,33.5,41.5,12.8,21.5,70.3,7.6,POINT (-121.9685 47.6166)
53033037200,King,12.6,43.0,37.6,19.4,25.1,66.3,8.8,POINT (-121.6497 47.4287)
53033037300,King,6.6,28.7,25.6,9.9,12.3,70.7,4.1,POINT (-122.0310 47.4514)
53033037400,King,10.2,26.4,31.9,7.5,14.1,71.9,4.3,POINT (-122.0295 47.3843)
53033037500,King,6.2,27.3,20.6,11.0,15.6,70.0,5.8,POINT (-121.9285 47.6370)
53033037600,King,7.0,25.4,27.9,7.2,14.8,68.1,2.8,POINT (-121.6416 47.6171)
53033037700,King,6.9,23.3,25.2,5.3,13.4,68.5,4.4,POINT (-122.0267 47.5200)
53033037800,King,10.0,38.7,32.5,12.9,17.1,68.0,5.6,POINT (-121.8474 47.3645)
53033037900,King,8.6,30.3,30.8,9.6,16.6,73.3,6.3,POINT (-121.7975 47.4619)
53033038000,King,8.2,28.3,26.4,8.2,13.6,71.0,3.8,POINT (-121.6664 47.4717)
53033038100,King,5.0,32.7,24.0,7.9,12.8,68.8,7.7,POINT (-121.7625 47.5004)
53033038200,King,5.6,30.4,27.5,8.8,14.0,65.9,4.9,POINT (-121.9813 47.6089)
53033038300,King,8.3,34.0,31.8,10.7,13.4,70.0,4.3,POINT (-121.9971 47.4089)
53033038400,King,9.0,31.0,30.1,14.1,21.7,67.6,10.5,POINT (-121.8350 47.3819)
53033038500,King,7.9,37.8,28.4,13.3,19.4,72.1,12.6,POINT (-121.8707 47.4364)
53033038600,King,9.5,33.8,31.1,7.7,17.8,70.8,7.5,POINT (-121.9773 47.6347)
53033038700,King,6.6,26.2,23.9,10.6,14.9,73.9,6.2,POINT (-122.0005 47.5022)
53033038800,King,5.2,24.7,20.7,3.5,12.6,70.1,4.8,POINT (-121.8290 47.4355)
53033038900,King,8.8,25.9,27.4,10.8,14.5,60.8,7.9,POINT (-121.8835 47.6240)
53033039000,King,8.0,31.2,30.0,12.3,19.4,72.7,4.5,POINT (-121.8847 47.3595)
53033039100,King,9.6,36.5,28.4,10.4,16.8,67.3,9.0,POINT (-121.9480 47.3837)
53033039200,King,6.8,24.6,23.6,10.2,15.4,66.9,7.4,POINT (-122.0130 47.5254)
53033039300,King,11.6,34.1,38.0,13.6,21.8,78.7,5.2,POINT (-121.7962 47.4794)
53033039400,King,7.5,24.1,28.6,11.5,20.9,72.2,9.5,POINT (-122.0323 47.4666)
53033039500,King,7.4,22.1,31.1,8.4,13.0,73.7,2.8,POINT (-121.8932 47.6357)
53033039600,King,9.4,32.5,32.3,11.7,15.8,70.1,8.3,POINT (-121.9097 47.5736)
53033039700,King,8.3,34.6,26.4,12.2,17.7,70.6,7.6,POINT (-121.8846 47.4825)
53033039800,King,10.1,39.4,34.6,15.2,21.2,70.2,8.3,POINT (-122.0313 47.4428)
53035000100,Kitsap,8.9,28.5,25.1,6.1,11.1,69.2,2.8,POINT (-122.4742 47.5980)
53035000200,Kitsap,9.8,40.3,33.5,18.0,26.2,72.8,10.9,POINT (-122.7718 47.6971)
53035000300,Kitsap,8.1,16.3,27.8,8.3,11.5,67.6,2.8,POINT (-122.4731 47.6673)
53035000400,Kitsap,10.7,38.6,27.7,15.0,21.9,68.5,12.2,POINT (-122.7705 47.7000)
53035000500,Kitsap,9.3,30.4,28.1,12.7,19.9,68.9,6.7,POINT (-122.7094 47.7503)
53035000600,Kitsap,8.8,34.0,28.4,13.3,24.0,71.5,11.8,POINT (-122.6195 47.6262)
53035000700,Kitsap,8.5,18.0,25.0,5.3,11.3,67.8,3.0,POINT (-122.4574 47.7452)
53035000800,Kitsap,5.3,19.2,21.5,8.8,11.9,67.7,6.9,POINT (-122.8268 47.7689)
53035000900,Kitsap,7.7,29.6,23.9,11.7,17.4,68.2,6.4,POINT (-122.8082 47.7666)
53035001000,Kitsap,11.5,44.4,31.8,16.0,25.3,71.7,10.7,POINT (-122.6240 47.5697)
53035001100,Kitsap,1.9,24.4,18.5,3.5,6.9,72.0,2.8,POINT (-122.5881 47.6340)
53035001200,Kitsap,12.1,35.5,34.3,13.3,24.3,67.4,10.7,POINT (-122.4562 47.6338)
53035001300,Kitsap,12.3,36.4,38.1,12.8,21.3,68.4,9.5,POINT (-122.7204 47.5622)
53035001400,Kitsap,6.0,22.6,18.3,8.2,13.9,60.9,11.3,POINT (-122.7993 47.7662)
53035001500,Kitsap,16.0,43.8,40.3,23.3,29.9,70.2,17.3,POINT (-122.5573 47.6729)
53035001600,Kitsap,13.1,39.8,35.2,13.6,22.0,67.4,10.8,POINT (-122.5523 47.6417)
53035001700,Kitsap,8.3,22.5,29.1,6.7,9.3,68.8,2.8,POINT (-122.4889 47.5418)
53035001800,Kitsap,5.4,25.0,18.5,10.9,15.8,64.6,6.9,POINT (-122.6697 47.5320)
53035001900,Kitsap,9.5,34.0,29.4,11.8,18.9,67.2,8.0,POINT (-122.6119 47.5126)
53035002000,Kitsap,4.5,26.2,20.7,6.4,15.2,67.6,3.6,POINT (-122.4535 47.6909)
53035002100,Kitsap,11.9,37.6,35.1,13.5,23.1,69.5,12.1,POINT (-122.6136 47.7118)
53035002200,Kitsap,5.0,20.8,24.4,4.6,7.1,67.1,2.8,POINT (-122.6386 47.7698)
53035002300,Kitsap,4.2,20.3,18.9,5.4,8.5,66.9,4.2,POINT (-122.5916 47.6584)
53035002400,Kitsap,9.3,28.3,27.6,11.1,20.6,66.4,11.1,POINT (-122.4946 47.6130)
53035002500,Kitsap,10.6,29.0,30.7,7.8,11.0,71.0,2.8,POINT (-122.6081 47.5456)
53035002600,Kitsap,10.2,32.7,28.1,11.8,15.9,72.8,2.8,POINT (-122.4684 47.7067)
53035002700,Kitsap,9.3,26.2,29.5,8.6,13.7,71.8,3.8,POINT (-122.6265 47.7552)
53035002800,Kitsap,11.0,29.9,27.9,11.2,17.5,70.4,7.4,POINT (-122.6723 47.6829)
53035002900,Kitsap,10.3,25.6,34.5,9.1,17.5,67.9,8.1,POINT (-122.4675 47.6305)
53035003000,Kitsap,6.5,27.6,22.6,9.0,15.6,63.6,6.2,POINT (-122.4718 47.7692)
53035003100,Kitsap,10.9,43.3,32.8,17.3,25.2,75.2,7.0,POINT (-122.4900 47.5315)
53035003200,Kitsap,10.0,25.0,22.6,9.3,15.7,66.3,7.8,POINT (-122.6855 47.7745)
53035003300,Kitsap,17.0,45.3,47.4,17.6,30.1,72.1,13.8,POINT (-122.5184 47.6456)
53035003400,Kitsap,14.3,45.7,39.7,13.6,23.5,81.5,6.7,POINT (-122.4326 47.6586)
53035003500,Kitsap,12.5,43.4,36.5,15.1,18.6,72.8,4.3,POINT (-122.5444 47.6267)
53035003600,Kitsap,10.2,27.1,29.0,9.9,17.1,65.5,11.2,POINT (-122.6324 47.7278)
53035003700,Kitsap,8.2,21.5,25.3,7.2,12.9,72.3,3.0,POINT (-122.6115 47.7471)
53035003800,Kitsap,9.4,26.3,30.4,9.8,15.0,63.5,10.6,POINT (-122.7869 47.6135)
53035003900,Kitsap,6.7,23.3,24.1,5.1,6.9,61.9,2.9,POINT (-122.5364 47.6080)
53035004000,Kitsap,8.4,42.2,26.2,13.1,19.1,69.0,7.0,POINT (-122.7293 47.7664)
53035004100,Kitsap,11.3,30.3,28.4,7.8,10.2,67.7,2.8,POINT (-122.7684 47.5966)
53035004200,Kitsap,8.2,34.3,30.5,11.4,13.7,67.7,2.9,POINT (-122.4459 47.6972)
53035004300,Kitsap,8.1,25.6,24.2,7.8,11.9,68.6,4.6,POINT (-122.5832 47.6823)
53035004400,Kitsap,7.5,33.1,23.4,8.1,15.3,65.6,7.2,POINT (-122.7946 47.6560)
53035004500,Kitsap,3.7,26.6,20.4,4.9,6.9,72.7,2.8,POINT (-122.5892 47.7089)
53035004600,Kitsap,7.7,17.8,23.2,5.1,11.5,63.5,2.8,POINT (-122.4705 47.6884)
53035004700,Kitsap,10.9,38.4,28.4,16.3,23.8,71.4,11.8,POINT (-122.5176 47.7252)
53035004800,Kitsap,3.4,19.1,19.8,3.5,6.9,66.8,2.8,POINT (-122.4340 47.7682)
53035004900,Kitsap,13.9,35.7,38.6,14.1,26.2,72.3,12.0,POINT (-122.7864 47.6644)
53035005000,Kitsap,7.5,31.1,20.9,11.7,14.4,70.4,6.0,POINT (-122.5150 47.6277)
53035005100,Kitsap,11.4,35.2,28.3,11.4,21.0,69.3,12.8,POINT (-122.8072 47.4983)
53035005200,Kitsap,10.7,29.4,28.9,11.0,12.4,73.9,3.7,POINT (-122.5376 47.5101)
53035005300,Kitsap,12.8,30.6,37.9,16.4,20.8,72.5,9.3,POINT (-122.6824 47.6403)
53035005400,Kitsap,5.9,26.7,24.5,7.3,15.0,63.1,3.5,POINT (-122.5371 47.5217)
53035005500,Kitsap,10.1,32.6,28.5,13.4,21.4,70.9,9.9,POINT (-122.7239 47.5863)
53035005600,Kitsap,11.2,32.7,37.6,10.8,23.9,71.4,7.3,POINT (-122.6064 47.6857)
53035005700,Kitsap,13.2,38.8,38.6,17.6,27.1,68.8,16.7,POINT (-122.5734 47.5987)
53035005800,Kitsap,9.7,34.8,24.5,13.3,18.5,72.4,9.4,POINT (-122.5121 47.5714)
53035005900,Kitsap,10.3,35.1,28.5,16.0,27.5,69.1,19.3,POINT (-122.7665 47.5588)
53035006000,Kitsap,8.3,25.6,26.4,9.6,14.1,69.8,5.9,POINT (-122.5468 47.7247)
53035006100,Kitsap,7.2,29.4,27.3,10.2,18.6,64.8,10.4,POINT (-122.7835 47.5448)
53035006200,Kitsap,6.8,21.3,21.5,4.8,8.3,66.9,3.5,POINT (-122.5194 47.7415)
53035006300,Kitsap,8.9,23.2,30.0,6.5,12.4,71.0,3.3,POINT (-122.5667 47.5882)
53035006400,Kitsap,12.5,39.1,33.1,19.2,27.6,68.3,18.1,POINT (-122.6272 47.5272)
53035006500,Kitsap,10.4,34.7,37.5,12.5,19.4,71.4,9.7,POINT (-122.6734 47.4956)
53035006600,Kitsap,6.0,15.8,19.4,3.5,6.9,69.0,2.8,POINT (-122.6399 47.5125)
53035006700,Kitsap,6.2,25.3,24.9,4.8,12.0,71.2,4.4,POINT (-122.6522 47.6165)
53035006800,Kitsap,12.8,47.4,36.1,18.4,26.9,70.2,17.1,POINT (-122.6854 47.5036)
53035006900,Kitsap,6.4,21.6,26.0,8.7,12.2,70.7,4.2,POINT (-122.6824 47.7169)
53035007000,Kitsap,13.5,39.2,39.7,20.6,30.5,70.4,18.6,POINT (-122.6822 47.7046)
53035007100,Kitsap,8.8,40.7,29.8,14.1,19.4,72.3,9.3,POINT (-122.6044 47.6170)
53035007200,Kitsap,8.5,32.0,23.6,11.4,18.6,72.6,5.9,POINT (-122.7865 47.7752)
53037000100,Kittitas,7.2,22.0,19.7,9.3,17.1,67.1,11.8,POINT (-120.6368 46.9799)
53037000200,Kittitas,10.8,32.3,29.8,11.2,14.6,69.8,4.7,POINT (-120.4841 47.2547)
53037000300,Kittitas,12.3,36.0,33.3,12.0,20.4,72.2,5.4,POINT (-120.6928 47.1152)
53037000400,Kittitas,10.7,33.5,28.7,11.0,18.8,65.4,10.0,POINT (-120.6577 47.1635)
53037000500,Kittitas,8.2,32.6,32.3,9.6,17.4,67.8,8.9,POINT (-120.5304 47.1602)
53037000600,Kittitas,7.3,28.2,21.8,8.7,11.4,69.7,2.8,POINT (-120.6812 47.1939)
53037000700,Kittitas,11.8,33.2,32.2,12.7,18.4,70.1,11.3,POINT (-120.6242 47.1086)
53037000800,Kittitas,8.5,33.6,30.8,10.2,13.3,70.5,2.8,POINT (-120.6969 47.1067)
53037000900,Kittitas,15.1,41.1,37.2,14.0,26.7,69.1,13.6,POINT (-120.8104 46.9749)
53037001000,Kittitas,12.8,34.5,34.3,13.2,23.0,71.7,9.9,POINT (-120.5509 47.1166)
53037001100,Kittitas,10.6,30.7,26.3,11.6,22.7,65.2,10.9,POINT (-120.6709 47.0536)
53037001200,Kittitas,8.3,31.2,27.3,10.3,14.1,68.8,2.8,POINT (-120.8381 47.0735)
53039000100,Klickitat,12.2,37.2,28.8,10.7,22.4,67.0,13.4,POINT (-121.0381 46.0075)
53039000200,Klickitat,11.5,31.2,31.1,9.6,17.0,68.3,3.2,POINT (-121.0921 45.7435)
53039000300,Klickitat,12.7,33.1,31.9,10.0,21.6,72.3,10.9,POINT (-120.9821 45.8243)
53039000400,Klickitat,11.1,23.6,33.3,8.4,12.7,71.2,5.3,POINT (-121.2845 45.8107)
53039000500,Klickitat,11.8,38.3,34.3,12.1,18.4,73.1,2.8,POINT (-121.0459 45.8904)
53039000600,Klickitat,11.5,25.6,27.9,8.6,14.0,66.8,2.8,POINT (-121.0962 45.7778)
53039000700,Klickitat,16.8,48.9,40.3,25.6,33.6,70.6,18.2,POINT (-121.0124 45.7384)
53039000800,Klickitat,10.2,33.9,28.5,11.1,14.5,65.9,2.8,POINT (-121.0143 45.7443)
53041000100,Lewis,11.4,27.2,29.1,12.5,21.5,68.1,10.8,POINT (-122.4008 46.5772)
53041000200,Lewis,16.0,43.7,39.3,14.7,26.0,73.8,9.6,POINT (-122.1838 46.7220)
53041000300,Lewis,12.1,32.3,31.2,7.2,14.6,73.0,2.8,POINT (-122.5292 46.6251)
53041000400,Lewis,11.5,29.4,31.2,10.4,14.9,73.4,6.1,POINT (-122.3683 46.5819)
53041000500,Lewis,9.8,31.8,29.2,12.5,14.5,71.6,2.8,POINT (-122.3522 46.5843)
53041000600,Lewis,10.4,42.5,31.2,14.7,17.0,73.4,2.8,POINT (-122.2955 46.4356)
53041000700,Lewis,8.8,26.3,29.0,10.4,15.2,69.5,3.9,POINT (-122.5338 46.6437)
53041000800,Lewis,11.7,33.5,33.7,14.3,22.5,68.3,12.7,POINT (-122.3527 46.6011)
53041000900,Lewis,11.1,27.2,28.3,10.0,18.4,67.9,5.6,POINT (-122.5458 46.6347)
53041001000,Lewis,11.5,33.3,31.3,14.0,23.3,67.0,10.6,POINT (-122.4677 46.6180)
53041001100,Lewis,8.7,30.7,29.6,9.9,15.2,73.5,4.8,POINT (-122.2707 46.5821)
53041001200,Lewis,12.4,29.3,33.7,9.2,14.0,69.1,2.8,POINT (-122.5324 46.6417)
53041001300,Lewis,10.8,25.0,31.0,11.2,12.3,71.9,2.8,POINT (-122.1924 46.6074)
53041001400,Lewis,13.5,36.3,34.8,13.6,24.7,66.2,14.4,POINT (-122.2388 46.4770)
53041001500,Lewis,14.1,40.9,42.4,15.0,26.6,71.6,14.7,POINT (-122.2704 46.6408)
53041001600,Lewis,11.3,30.7,33.6,10.4,14.1,68.5,5.6,POINT (-122.4648 46.5146)
53041001700,Lewis,14.8,39.6,40.8,13.0,21.6,71.0,8.0,POINT (-122.4361 46.7018)
53041001800,Lewis,11.6,36.0,30.2,13.5,20.6,66.0,10.0,POINT (-122.3398 46.4489)
53041001900,Lewis,11.0,31.1,29.8,11.4,17.0,72.7,3.0,POINT (-122.2614 46.4674)
53041002000,Lewis,9.5,41.4,26.0,12.0,21.0,61.9,10.5,POINT (-122.2301 46.6225)
53041002100,Lewis,16.7,35.8,35.0,11.6,23.6,73.7,8.9,POINT (-122.5352 46.6655)
53041002200,Lewis,13.0,41.9,39.4,15.6,18.9,68.7,6.1,POINT (-122.2702 46.5443)
53041002300,Lewis,10.7,30.4,32.0,13.5,19.3,72.3,8.5,POINT (-122.1911 46.5552)
53041002400,Lewis,11.5,36.8,31.6,17.6,20.9,66.9,10.4,POINT (-122.5738 46.6507)
53043000100,Lincoln,12.8,40.3,33.6,12.5,23.0,72.3,4.7,POINT (-118.5697 47.6940)
53043000200,Lincoln,11.7,25.5,28.0,7.5,15.9,69.1,3.0,POINT (-118.3162 47.4722)
53043000300,Lincoln,13.9,30.4,35.0,10.2,17.4,71.9,7.0,POINT (-118.3955 47.6895)
53043000400,Lincoln,15.1,38.6,38.0,14.4,23.9,72.1,10.1,POINT (-118.4695 47.5167)
53043000500,Lincoln,7.2,25.5,23.0,6.7,8.2,72.1,2.8,POINT (-118.4793 47.5329)
53045000100,Mason,11.3,26.6,26.8,12.0,18.0,65.9,10.4,POINT (-123.1365 47.2729)
53045000200,Mason,9.8,35.5,31.2,11.7,16.7,61.4,4.3,POINT (-123.2572 47.4701)
53045000300,Mason,8.4,26.9,23.5,6.2,10.8,69.4,3.1,POINT (-123.0446 47.2560)
53045000400,Mason,7.0,23.1,17.8,8.6,14.1,63.0,5.5,POINT (-123.0077 47.4225)
53045000500,Mason,10.6,20.5,28.0,6.5,14.3,65.3,4.5,POINT (-123.3223 47.2497)
53045000600,Mason,8.0,21.1,19.7,8.3,10.5,66.5,2.8,POINT (-123.1342 47.3624)
53045000700,Mason,8.6,25.9,26.0,6.2,13.5,65.9,3.4,POINT (-123.1404 47.3441)
53045000800,Mason,13.2,32.3,33.1,11.6,19.5,62.4,5.8,POINT (-123.1882 47.2541)
53045000900,Mason,13.4,40.2,32.2,14.7,23.7,71.3,6.0,POINT (-123.2069 47.3974)
53045001000,Mason,9.6,27.0,28.1,14.1,18.4,63.3,11.1,POINT (-123.1995 47.4038)
53045001100,Mason,15.0,39.4,35.0,17.3,27.5,66.3,16.3,POINT (-123.2586 47.3001)
53045001200,Mason,14.2,42.7,36.3,15.8,27.7,66.5,15.7,POINT (-123.3708 47.3233)
53045001300,Mason,8.4,30.9,24.1,12.8,18.8,63.3,13.5,POINT (-123.0420 47.4006)
53045001400,Mason,15.6,44.0,37.1,16.7,26.7,68.1,17.6,POINT (-123.3616 47.3064)
53045001500,Mason,12.2,21.4,30.7,7.2,13.2,68.2,6.2,POINT (-123.2745 47.4960)
53045001600,Mason,14.6,39.3,35.6,15.2,24.0,67.5,13.3,POINT (-123.2321 47.2380)
53045001700,Mason,13.0,41.7,37.3,14.5,25.1,67.8,13.5,POINT (-123.2624 47.4216)
53045001800,Mason,10.6,25.7,28.3,3.9,7.4,69.0,2.8,POINT (-123.2138 47.3724)
53047000100,Okanogan,14.3,25.3,28.0,10.0,17.1,67.7,9.8,POINT (-119.8079 48.4353)
53047000200,Okanogan,16.2,32.7,33.7,9.9,17.5,73.0,6.3,POINT (-119.6952 48.6175)
53047000300,Okanogan,17.1,39.4,43.1,15.6,28.5,71.3,14.6,POINT (-119.8747 48.4359)
53047000400,Okanogan,17.1,40.2,40.6,18.8,27.4,66.2,19.4,POINT (-119.6146 48.5922)
53047000500,Okanogan,14.1,32.6,33.7,10.9,15.3,70.3,2.8,POINT (-119.7019 48.5048)
53047000600,Okanogan,14.5,33.8,31.0,9.5,20.6,69.4,11.3,POINT (-119.8154 48.4512)
53047000700,Okanogan,14.6,28.9,31.8,10.3,14.0,73.4,2.8,POINT (-119.6327 48.4061)
53047000800,Okanogan,10.6,31.3,23.4,9.2,10.0,72.3,2.8,POINT (-119.6135 48.5203)
53047000900,Okanogan,15.4,38.4,34.9,14.5,18.1,67.0,7.2,POINT (-119.6085 48.6125)
53047001000,Okanogan,13.3,31.3,30.9,13.2,16.0,75.0,5.5,POINT (-119.8660 48.4857)
53047001100,Okanogan,15.2,38.9,39.7,12.1,19.8,64.0,8.2,POINT (-119.6531 48.6916)
53047001200,Okanogan,16.2,35.7,33.0,9.7,18.8,74.1,3.7,POINT (-119.9347 48.6502)
53049000100,Pacific,16.9,29.4,35.6,10.7,16.4,67.5,4.6,POINT (-123.6829 46.5163)
53049000200,Pacific,16.8,30.3,33.2,11.6,16.3,74.5,2.8,POINT (-123.7531 46.4334)
53049000300,Pacific,14.2,26.8,33.9,10.9,14.5,72.6,3.2,POINT (-123.9730 46.5387)
53049000400,Pacific,16.5,34.0,32.3,13.6,19.7,74.1,3.5,POINT (-123.8661 46.4808)
53049000500,Pacific,17.1,41.1,41.5,18.3,26.1,73.1,4.7,POINT (-123.7274 46.4436)
53049000600,Pacific,14.0,26.8,25.8,9.1,15.7,69.5,5.8,POINT (-123.8690 46.4827)
53049000700,Pacific,14.2,32.8,30.5,13.8,21.7,68.1,7.6,POINT (-123.7932 46.6795)
53049000800,Pacific,14.2,28.8,28.8,10.9,18.5,67.8,7.6,POINT (-123.6905 46.5276)
53051000100,Pend Oreille,13.2,31.5,29.4,8.2,14.1,70.5,2.8,POINT (-117.4600 48.8929)
53051000200,Pend Oreille,12.2,34.0,31.9,10.3,20.0,72.9,4.2,POINT (-117.2257 48.7545)
53051000300,Pend Oreille,10.8,34.5,27.7,7.8,11.4,68.2,2.8,POINT (-117.1610 48.7156)
53051000400,Pend Oreille,11.8,31.3,33.2,10.8,20.1,74.0,10.1,POINT (-117.0926 48.9114)
53051000500,Pend Oreille,13.6,25.7,32.8,11.7,18.0,74.3,8.2,POINT (-117.3795 48.6998)
53053000100,Pierce,11.9,39.6,34.4,10.1,17.9,74.4,2.8,POINT (-122.1465 47.1772)
53053000200,Pierce,9.9,26.4,32.9,12.8,16.6,69.7,5.0,POINT (-122.0472 46.9525)
53053000300,Pierce,12.0,37.3,35.5,14.8,29.9,66.9,12.5,POINT (-122.2231 46.9753)
53053000400,Pierce,9.5,23.3,23.2,6.0,9.6,64.9,4.2,POINT (-122.2650 47.1538)
53053000500,Pierce,9.2,28.9,29.7,8.7,14.5,70.4,2.8,POINT (-122.2223 46.9093)
53053000600,Pierce,4.5,22.3,19.8,10.3,13.6,68.5,5.0,POINT (-122.2808 47.0721)
53053000700,Pierce,11.2,40.9,27.1,15.9,28.7,68.6,19.9,POINT (-122.0791 47.0315)
53053000800,Pierce,8.9,29.0,27.0,5.7,9.6,65.9,3.5,POINT (-122.2381 47.1446)
53053000900,Pierce,12.6,37.7,36.6,14.2,25.6,70.6,12.3,POINT (-122.2360 47.1352)
53053001000,Pierce,9.8,33.9,28.1,14.0,17.8,64.8,10.6,POINT (-122.1577 47.0930)
53053001100,Pierce,10.2,29.7,31.6,9.6,16.0,73.9,8.0,POINT (-122.0443 46.9244)
53053001200,Pierce,14.4,38.3,40.8,13.4,20.9,64.7,13.8,POINT (-122.2594 46.9553)
53053001300,Pierce,8.3,27.4,23.3,10.6,14.9,63.2,8.7,POINT (-122.0687 46.9975)
53053001400,Pierce,6.9,21.6,17.0,3.6,8.8,60.5,2.8,POINT (-122.2565 46.9602)
53053001500,Pierce,10.4,29.7,34.8,14.5,18.8,71.3,9.4,POINT (-122.1413 46.8930)
53053001600,Pierce,8.9,22.6,26.1,7.3,11.8,69.6,2.8,POINT (-122.2365 47.0186)
53053001700,Pierce,7.6,27.1,25.4,6.7,14.5,63.1,5.0,POINT (-122.1583 46.9061)
53053001800,Pierce,9.8,28.0,26.9,13.5,17.2,75.0,7.3,POINT (-122.0439 47.1265)
53053001900,Pierce,10.7,34.6,37.3,11.0,16.2,69.0,5.0,POINT (-122.3262 47.1482)
53053002000,Pierce,6.1,24.0,25.9,7.8,11.6,66.4,5.5,POINT (-122.1934 47.1799)
53053002100,Pierce,8.4,36.4,32.1,13.4,19.9,72.6,9.8,POINT (-122.2290 47.1871)
53053002200,Pierce,8.4,25.9,22.3,9.4,16.3,62.9,7.8,POINT (-122.1884 47.0315)
53053002300,Pierce,7.1,21.7,24.2,5.4,9.5,63.2,3.4,POINT (-121.9931 46.9967)
53053002400,Pierce,10.3,28.6,28.8,10.7,15.2,64.2,11.4,POINT (-121.9331 47.1139)
53053002500,Pierce,8.9,28.7,29.4,16.9,18.9,69.1,7.6,POINT (-122.1447 47.0741)
53053002600,Pierce,9.1,26.3,24.0,8.9,11.1,70.5,2.8,POINT (-121.9314 46.9170)
53053002700,Pierce,11.5,32.0,30.8,12.5,17.0,68.0,5.3,POINT (-122.0498 47.0555)
53053002800,Pierce,8.2,18.5,27.7,4.7,12.5,72.3,2.8,POINT (-122.1109 47.0120)
53053002900,Pierce,7.7,38.3,30.8,13.3,20.4,67.3,10.0,POINT (-122.2634 47.1728)
53053003000,Pierce,8.6,19.7,21.8,6.4,8.6,67.0,2.8,POINT (-122.2692 46.9777)
53053003100,Pierce,8.5,32.2,27.3,11.1,19.4,69.8,11.7,POINT (-122.3052 47.1277)
53053003200,Pierce,9.3,28.0,24.1,8.9,17.2,71.6,9.0,POINT (-122.2106 46.9145)
53053003300,Pierce,6.0,28.4,17.1,10.6,13.9,67.7,2.8,POINT (-122.1675 47.0443)
53053003400,Pierce,13.4,31.1,33.1,10.2,14.4,70.3,8.6,POINT (-121.9470 46.9034)
53053003500,Pierce,17.1,45.2,46.1,19.1,31.4,71.4,16.4,POINT (-122.2183 47.1759)
53053003600,Pierce,11.8,32.1,32.1,11.9,21.5,66.2,10.8,POINT (-122.0986 47.1095)
53053003700,Pierce,15.2,46.3,43.7,18.6,29.8,75.0,17.2,POINT (-122.2251 46.9612)
53053003800,Pierce,5.6,17.0,22.9,3.9,7.1,64.0,2.8,POINT (-122.1623 47.0373)
53053003900,Pierce,6.9,34.7,24.4,11.5,18.6,70.6,9.7,POINT (-122.0070 46.9774)
53053004000,Pierce,13.1,34.4,34.1,14.8,21.6,69.6,11.3,POINT (-122.0681 47.0344)
53053004100,Pierce,12.4,27.9,34.6,10.3,19.6,72.6,11.4,POINT (-122.1166 46.9468)
53053004200,Pierce,13.8,44.5,41.3,18.0,27.7,74.0,14.1,POINT (-122.1194 46.9854)
53053004300,Pierce,9.7,32.4,28.7,9.9,19.9,69.1,13.5,POINT (-122.0224 47.1242)
53053004400,Pierce,6.4,21.9,21.7,8.9,13.7,67.8,2.9,POINT (-122.0523 46.9963)
53053004500,Pierce,7.5,28.0,21.0,8.2,14.7,64.1,10.7,POINT (-122.0797 47.1724)
53053004600,Pierce,13.5,30.9,32.6,7.6,14.5,72.7,2.8,POINT (-122.0581 46.9345)
53053004700,Pierce,11.6,27.5,33.4,9.3,16.6,69.8,3.0,POINT (-121.9812 46.9215)
53053004800,Pierce,7.6,30.9,26.0,12.5,18.5,68.2,4.4,POINT (-122.1759 47.0450)
53053004900,Pierce,9.8,30.7,33.7,12.5,22.6,71.6,8.3,POINT (-122.1777 46.9071)
53053005000,Pierce,10.7,33.7,28.3,11.5,18.3,73.5,2.8,POINT (-122.3216 47.1610)
53053005100,Pierce,13.5,33.7,31.8,15.3,25.0,72.6,14.4,POINT (-121.9575 47.0324)
53053005200,Pierce,15.6,44.3,40.1,18.5,31.6,68.6,15.8,POINT (-122.1587 47.0085)
53053005300,Pierce,9.7,21.3,27.5,3.6,10.1,71.9,2.8,POINT (-122.1448 47.0636)
53053005400,Pierce,14.6,33.6,40.4,14.9,19.6,79.4,5.5,POINT (-122.3226 46.9406)
53053005500,Pierce,8.2,21.7,24.2,6.8,12.1,66.9,5.8,POINT (-121.9617 47.0729)
53053005600,Pierce,9.5,21.7,26.5,3.6,10.0,66.2,2.8,POINT (-122.2456 46.9219)
53053005700,Pierce,13.7,34.1,38.6,12.6,25.7,70.0,10.4,POINT (-122.0065 47.0011)
53053005800,Pierce,12.2,33.4,30.9,11.7,19.4,73.3,2.9,POINT (-121.9772 46.9708)
53053005900,Pierce,10.5,35.0,31.0,15.4,22.0,68.1,12.4,POINT (-121.9536 46.9065)
53053006000,Pierce,10.7,30.8,31.6,10.0,15.8,68.1,9.0,POINT (-122.0665 47.0582)
53053006100,Pierce,1.6,18.6,14.5,3.6,7.1,67.7,2.8,POINT (-122.0172 47.0003)
53053006200,Pierce,3.8,25.6,15.9,8.6,13.5,62.9,8.3,POINT (-122.3104 46.9400)
53053006300,Pierce,9.5,21.1,29.8,5.8,9.7,68.3,2.8,POINT (-121.9885 47.0087)
53053006400,Pierce,10.3,34.3,26.6,10.9,17.8,74.1,5.7,POINT (-122.1231 47.1165)
53053006500,Pierce,13.2,37.4,34.1,14.0,22.2,71.7,13.0,POINT (-122.2780 47.0616)
53053006600,Pierce,11.3,39.1,30.0,13.7,19.9,69.9,7.7,POINT (-122.0152 47.1422)
53053006700,Pierce,12.3,31.4,33.1,13.3,15.9,75.9,3.6,POINT (-122.1435 47.0869)
53053006800,Pierce,5.4,23.2,20.2,6.7,13.0,69.2,4.9,POINT (-121.9784 47.1793)
53053006900,Pierce,11.6,33.8,36.8,9.9,18.5,71.4,8.0,POINT (-122.1813 47.0833)
53053007000,Pierce,8.3,20.3,25.2,7.2,15.6,64.1,10.5,POINT (-122.0998 47.0754)
53053007100,Pierce,16.4,41.6,38.1,16.1,26.5,72.4,11.3,POINT (-122.2073 47.0083)
53053007200,Pierce,14.3,34.5,32.5,15.7,18.7,68.4,16.4,POINT (-122.1004 47.0121)
53053007300,Pierce,10.4,27.1,29.1,9.7,16.5,70.9,3.7,POINT (-122.2246 47.0184)
53053007400,Pierce,14.7,41.2,40.4,15.2,28.1,70.7,14.4,POINT (-122.1174 47.1183)
53053007500,Pierce,8.1,23.2,26.6,6.8,10.1,66.6,4.1,POINT (-122.1827 46.9103)
53053007600,Pierce,8.9,28.6,26.9,6.2,9.2,70.1,2.8,POINT (-122.0279 47.1555)
53053007700,Pierce,13.1,41.4,37.7,19.6,27.8,72.0,12.6,POINT (-121.9547 46.9870)
53053007800,Pierce,16.6,48.8,43.4,21.9,36.6,71.1,18.3,POINT (-121.9455 46.9130)
53053007900,Pierce,12.6,36.6,34.8,12.4,16.9,71.1,7.7,POINT (-122.3264 46.9637)
53053008000,Pierce,9.9,37.4,28.0,11.4,18.7,68.5,9.6,POINT (-122.1864 47.0201)
53053008100,Pierce,8.5,34.5,32.1,12.1,21.6,66.4,12.8,POINT (-122.0113 47.0517)
53053008200,Pierce,13.1,40.9,35.7,10.0,18.2,69.3,3.9,POINT (-122.1695 47.1427)
53053008300,Pierce,10.7,30.8,28.2,9.2,14.6,72.3,2.8,POINT (-122.2707 47.0190)
53053008400,Pierce,9.2,27.6,28.1,10.5,9.1,71.6,3.9,POINT (-122.0735 46.9043)
53053008500,Pierce,7.8,22.8,23.1,5.9,11.6,61.9,2.8,POINT (-122.0365 46.9093)
53053008600,Pierce,14.3,35.3,40.2,14.8,19.4,73.2,6.7,POINT (-122.2506 47.0517)
53053008700,Pierce,9.3,31.0,29.1,12.4,21.4,69.8,6.7,POINT (-122.2568 47.0519)
53053008800,Pierce,9.3,42.9,31.4,20.1,30.2,69.0,17.4,POINT (-122.0102 47.0216)
53053008900,Pierce,10.4,24.2,28.8,11.0,15.4,69.6,8.3,POINT (-122.2705 47.0286)
53053009000,Pierce,8.2,25.8,22.6,6.9,9.4,64.9,6.0,POINT (-122.2553 47.1071)
53053009100,Pierce,8.2,28.3,24.3,11.8,20.2,69.8,10.4,POINT (-122.1383 47.1116)
53053009200,Pierce,9.9,25.7,33.1,7.8,15.9,73.4,2.9,POINT (-121.9894 47.0261)
53053009300,Pierce,13.0,40.4,40.1,14.8,20.9,70.0,8.8,POINT (-122.3168 47.1026)
53053009400,Pierce,10.6,30.6,25.1,11.9,23.2,68.9,13.7,POINT (-121.9816 46.9789)
53053009500,Pierce,11.9,36.6,35.5,14.6,21.8,67.7,9.8,POINT (-122.1119 46.8955)
53053009600,Pierce,11.2,32.2,32.2,12.8,22.0,73.2,9.6,POINT (-122.0813 47.1083)
53053009700,Pierce,7.2,24.4,23.5,4.0,12.9,68.7,4.5,POINT (-122.0397 47.1182)
53053009800,Pierce,13.9,35.8,37.8,13.9,22.3,68.5,14.4,POINT (-122.0014 47.0976)
53053009900,Pierce,9.5,33.4,23.8,14.0,22.7,67.2,11.9,POINT (-122.1690 47.0837)
53053010000,Pierce,11.4,44.2,28.9,17.9,23.8,68.0,11.8,POINT (-122.0433 47.0316)
53053010100,Pierce,9.4,30.0,25.0,12.5,14.1,69.0,4.7,POINT (-122.2211 47.1529)
53053010200,Pierce,7.5,27.4,20.3,9.0,10.7,68.1,2.8,POINT (-121.9577 46.9926)
53053010300,Pierce,9.3,31.3,26.0,10.9,13.5,70.0,8.4,POINT (-122.2584 47.0636)
53053010400,Pierce,16.6,45.7,45.9,15.5,30.9,75.5,12.7,POINT (-121.9337 47.0891)
53053010500,Pierce,13.5,36.8,34.8,15.3,21.3,72.9,6.5,POINT (-122.0317 47.1370)
53053010600,Pierce,7.8,23.1,26.2,6.4,8.4,66.7,2.8,POINT (-121.9795 46.9524)
53053010700,Pierce,7.5,21.4,28.9,5.3,9.7,68.3,2.8,POINT (-121.9743 47.0477)
53053010800,Pierce,12.0,39.3,32.9,12.4,24.1,69.6,15.3,POINT (-122.3052 46.9889)
53053010900,Pierce,4.8,22.3,24.0,5.8,9.2,69.0,2.8,POINT (-122.2221 47.0328)
53053011000,Pierce,9.7,29.1,26.6,12.7,19.7,68.5,11.6,POINT (-121.9472 47.1046)
53053011100,Pierce,9.8,27.4,26.7,9.7,13.3,66.7,3.9,POINT (-121.9752 47.0973)
53053011200,Pierce,15.8,29.9,38.3,15.7,24.6,72.5,12.4,POINT (-122.0213 47.0259)
53053011300,Pierce,8.8,19.0,25.8,4.7,8.1,67.0,5.2,POINT (-122.0456 47.1429)
53053011400,Pierce,16.5,44.5,40.8,15.8,27.9,77.0,11.2,POINT (-122.0797 47.0423)
53053011500,Pierce,4.5,23.8,21.3,3.6,8.4,69.1,2.8,POINT (-122.2288 47.1002)
53053011600,Pierce,8.5,32.9,25.7,8.5,10.1,72.4,2.8,POINT (-121.9499 47.1329)
53053011700,Pierce,10.7,30.6,28.8,9.0,15.2,62.7,5.3,POINT (-122.0496 47.0296)
53053011800,Pierce,9.7,33.3,28.8,13.5,23.2,71.6,12.0,POINT (-122.0651 47.1111)
53053011900,Pierce,10.5,27.8,31.4,13.4,20.4,74.6,4.7,POINT (-121.9773 47.0541)
53053012000,Pierce,7.6,30.4,25.6,12.8,17.9,64.9,8.6,POINT (-122.3056 47.0247)
53053012100,Pierce,6.6,19.8,24.3,7.7,12.6,62.4,5.1,POINT (-122.0604 47.1434)
53053012200,Pierce,7.4,31.5,23.2,8.4,14.3,65.8,9.0,POINT (-122.2746 47.1448)
53053012300,Pierce,8.6,22.4,19.9,7.2,10.9,62.3,8.1,POINT (-121.9563 46.8992)
53053012400,Pierce,12.1,35.1,36.8,14.7,20.7,67.2,11.6,POINT (-122.0061 46.9343)
53053012500,Pierce,11.4,34.7,29.9,14.1,19.6,68.3,12.7,POINT (-122.0465 47.1370)
53053012600,Pierce,8.8,22.0,23.0,9.2,14.7,66.7,5.7,POINT (-122.0630 46.9294)
53053012700,Pierce,11.7,30.6,32.7,10.1,15.5,68.0,4.8,POINT (-122.1598 47.1567)
53053012800,Pierce,10.3,32.9,20.4,10.1,15.9,71.3,3.7,POINT (-122.1529 47.0141)
53053012900,Pierce,10.8,39.5,28.4,15.3,20.9,66.7,8.6,POINT (-121.9732 46.9147)
53053013000,Pierce,8.6,40.7,30.3,16.6,24.5,63.7,14.5,POINT (-121.9308 47.1508)
53053013100,Pierce,13.1,33.4,37.3,14.4,27.0,69.1,11.4,POINT (-122.0295 47.0656)
53053013200,Pierce,9.5,36.8,24.4,9.0,16.6,66.9,6.7,POINT (-122.0630 46.9508)
53053013300,Pierce,12.8,34.1,29.5,16.9,21.9,64.7,15.5,POINT (-121.9695 47.0849)
53053013400,Pierce,9.5,30.0,29.3,12.8,18.0,73.1,2.8,POINT (-121.9546 47.1392)
53053013500,Pierce,12.3,32.0,36.8,12.6,18.9,72.6,8.9,POINT (-121.9825 47.1507)
53053013600,Pierce,12.0,30.6,31.3,11.5,18.9,71.5,3.0,POINT (-121.9916 46.9091)
53053013700,Pierce,11.3,32.4,29.3,10.5,17.5,58.1,8.5,POINT (-122.1778 47.0722)
53053013800,Pierce,8.3,30.3,24.0,9.9,19.4,70.6,10.5,POINT (-122.0589 46.9070)
53053013900,Pierce,9.2,32.1,27.3,10.9,18.3,66.6,12.0,POINT (-122.1429 46.9885)
53053014000,Pierce,10.0,34.1,33.4,14.4,17.9,70.9,8.8,POINT (-121.9653 47.0945)
53053014100,Pierce,12.7,31.4,32.0,13.9,19.6,68.1,13.3,POINT (-122.1498 47.1376)
53053014200,Pierce,10.3,28.6,27.0,10.9,14.1,67.4,6.4,POINT (-122.2341 47.0063)
53053014300,Pierce,13.7,41.2,35.0,18.3,26.4,65.7,14.4,POINT (-122.2856 47.0017)
53053014400,Pierce,14.0,39.6,37.2,18.8,24.1,66.1,9.3,POINT (-122.1004 47.1813)
53053014500,Pierce,11.4,34.6,35.9,13.5,20.2,70.4,8.6,POINT (-122.1889 46.9283)
53053014600,Pierce,6.3,36.2,24.8,12.5,19.4,69.8,7.8,POINT (-122.1168 47.0541)
53053014700,Pierce,8.9,31.8,28.3,9.6,19.4,69.8,9.7,POINT (-121.9497 46.9007)
53053014800,Pierce,13.9,38.8,37.7,16.8,24.0,70.6,11.7,POINT (-122.3235 46.9726)
53053014900,Pierce,8.1,37.9,23.1,10.5,20.3,69.8,6.3,POINT (-122.0979 46.9129)
53053015000,Pierce,12.0,41.5,33.9,20.7,24.3,70.9,14.9,POINT (-122.3133 46.9313)
53053015100,Pierce,12.7,35.4,33.5,14.4,24.4,71.4,14.2,POINT (-122.0809 47.0039)
53053015200,Pierce,7.9,26.2,22.4,7.9,15.6,67.7,12.8,POINT (-122.2047 46.9236)
53053015300,Pierce,10.9,33.3,31.3,11.0,18.4,72.9,6.7,POINT (-122.2662 47.0153)
53053015400,Pierce,8.5,24.2,24.4,8.2,16.4,63.7,7.6,POINT (-122.2959 47.0418)
53053015500,Pierce,10.8,24.6,27.4,7.6,12.2,69.3,3.2,POINT (-122.1221 46.9040)
53053015600,Pierce,9.1,31.4,32.0,14.3,15.7,70.8,5.0,POINT (-122.2919 46.9644)
53053015700,Pierce,10.8,31.1,30.8,11.7,17.3,66.4,6.8,POINT (-121.9639 47.0172)
53053015800,Pierce,11.0,35.9,33.8,12.4,20.8,73.0,10.7,POINT (-122.0038 47.1073)
53053015900,Pierce,10.3,30.8,30.1,8.9,15.6,71.7,6.1,POINT (-121.9409 47.1516)
53053016000,Pierce,9.8,31.8,26.7,12.7,18.8,67.1,8.4,POINT (-122.0866 47.1190)
53053016100,Pierce,10.3,29.8,31.1,10.1,20.7,73.9,5.9,POINT (-122.2573 46.9996)
53053016200,Pierce,10.6,29.5,29.1,14.6,20.1,69.1,11.2,POINT (-121.9320 47.0960)
53053016300,Pierce,7.9,23.5,21.4,5.9,7.1,69.1,2.8,POINT (-122.0405 47.0302)
53053016400,Pierce,10.8,26.5,28.2,8.7,13.0,71.4,5.4,POINT (-122.1572 47.0385)
53053016500,Pierce,7.6,29.8,28.7,13.8,25.7,65.4,21.3,POINT (-122.1282 47.0131)
53053016600,Pierce,9.6,27.8,28.7,8.7,16.0,65.0,6.5,POINT (-122.0305 47.0001)
53053016700,Pierce,13.7,37.9,36.7,15.8,27.3,65.2,16.7,POINT (-121.9768 47.1523)
53053016800,Pierce,9.8,31.6,31.5,9.1,13.7,64.0,3.7,POINT (-121.9716 46.9583)
53053016900,Pierce,13.8,37.9,33.0,13.8,19.2,66.3,10.0,POINT (-122.2063 46.9925)
53053017000,Pierce,7.5,31.5,24.8,10.8,15.6,70.1,7.4,POINT (-122.2081 47.1080)
53053017100,Pierce,11.3,36.2,31.5,14.5,21.2,69.0,9.3,POINT (-122.1806 46.9059)
53053017200,Pierce,9.3,26.9,28.5,12.0,20.4,64.5,14.2,POINT (-122.1992 47.1064)
53053017300,Pierce,9.6,33.3,26.5,12.1,19.4,63.5,11.8,POINT (-122.0660 47.0789)
53053017400,Pierce,13.8,37.7,40.0,14.5,25.7,64.7,19.4,POINT (-121.9711 47.1101)
53053017500,Pierce,14.2,37.9,32.1,15.4,20.7,70.5,10.6,POINT (-122.2634 47.0198)
53053017600,Pierce,8.1,32.6,28.2,13.2,18.9,64.0,12.0,POINT (-122.1571 46.9857)
53053017700,Pierce,9.8,24.6,31.3,12.9,18.3,75.3,6.9,POINT (-122.3248 47.1042)
53053017800,Pierce,9.5,27.5,32.0,8.3,16.6,68.2,5.0,POINT (-122.0181 46.9847)
53053017900,Pierce,13.0,35.3,33.8,15.8,27.6,71.3,12.9,POINT (-122.0373 47.0913)
53053018000,Pierce,9.2,30.0,28.4,8.6,16.9,69.3,2.8,POINT (-122.0167 47.1335)
53053018100,Pierce,8.1,25.4,24.9,12.2,17.5,64.7,9.9,POINT (-122.1541 47.0947)
53053018200,Pierce,9.6,31.9,30.0,13.7,19.9,73.6,10.1,POINT (-122.1024 47.1851)
53053018300,Pierce,8.7,38.6,28.8,12.0,23.0,75.2,8.7,POINT (-122.2129 46.9508)
53053018400,Pierce,9.2,28.9,29.3,12.7,19.8,68.8,12.9,POINT (-121.9601 47.0981)
53053018500,Pierce,9.7,35.2,28.4,13.4,19.9,68.2,8.4,POINT (-122.2971 46.9436)
53053018600,Pierce,13.8,35.2,34.3,17.9,28.2,61.8,16.6,POINT (-121.9639 47.1545)
53053018700,Pierce,5.9,19.3,12.4,5.0,7.1,65.1,2.8,POINT (-122.1791 46.9729)
53053018800,Pierce,10.6,30.6,34.0,14.1,22.6,68.5,15.9,POINT (-122.1980 47.0881)
53053018900,Pierce,6.6,18.5,21.3,9.8,12.6,65.8,2.8,POINT (-122.2870 47.1531)
53053019000,Pierce,12.8,40.8,37.3,14.5,21.9,66.9,10.3,POINT (-122.2466 46.9014)
53053019100,Pierce,7.7,21.7,22.8,6.0,9.6,69.1,2.8,POINT (-122.2848 46.9758)
53053019200,Pierce,9.7,31.5,26.1,11.4,18.2,63.4,12.0,POINT (-122.0278 46.9097)
53053019300,Pierce,8.2,28.3,28.7,11.5,17.1,67.4,9.7,POINT (-121.9644 46.9393)
53053019400,Pierce,12.1,32.5,30.9,8.2,16.9,69.6,8.7,POINT (-122.0618 47.0004)
53053019500,Pierce,11.3,39.7,30.8,17.0,23.3,70.9,7.8,POINT (-122.2339 46.9576)
53053019600,Pierce,11.0,24.4,29.2,9.8,14.9,65.6,8.8,POINT (-122.1057 47.0624)
53053019700,Pierce,10.2,29.4,29.3,15.7,24.3,71.4,13.6,POINT (-122.0269 47.1206)
53053019800,Pierce,10.9,22.2,27.6,7.1,8.9,65.2,2.8,POINT (-122.1503 47.0912)
53053019900,Pierce,10.3,35.5,33.2,13.9,18.8,63.8,5.1,POINT (-122.0810 47.1572)
53053020000,Pierce,7.3,22.1,22.8,5.0,10.7,67.1,2.9,POINT (-122.0023 47.1871)
53053020100,Pierce,13.3,32.3,36.0,12.6,20.1,73.1,9.9,POINT (-122.2018 46.9033)
53053020200,Pierce,8.1,26.8,26.0,8.5,15.4,69.1,10.0,POINT (-122.0414 47.0616)
53053020300,Pierce,6.6,24.3,20.0,8.7,9.1,67.6,2.8,POINT (-122.0155 47.0551)
53053020400,Pierce,8.6,22.2,24.3,9.5,14.3,69.3,9.7,POINT (-122.2564 46.9748)
53053020500,Pierce,11.1,30.9,32.2,10.4,16.5,65.1,9.4,POINT (-122.1007 46.9062)
53053020600,Pierce,9.5,31.1,25.6,11.8,16.1,67.3,9.2,POINT (-122.1995 47.0966)
53053020700,Pierce,12.4,35.7,29.3,19.3,30.5,69.7,16.3,POINT (-122.3091 47.0741)
53053020800,Pierce,10.2,29.1,32.4,11.1,15.8,68.2,8.7,POINT (-122.0493 46.9198)
53053020900,Pierce,14.4,46.5,40.8,17.9,20.3,72.4,7.3,POINT (-122.0615 47.0004)
53053021000,Pierce,10.8,33.0,27.3,13.1,21.5,70.1,12.6,POINT (-121.9890 47.1395)
53053021100,Pierce,12.0,33.1,32.5,12.7,20.6,72.5,10.0,POINT (-122.1355 46.9417)
53053021200,Pierce,15.6,48.8,41.9,13.2,28.3,71.2,10.3,POINT (-122.0204 47.1102)
53053021300,Pierce,9.4,28.2,29.3,6.9,11.1,70.6,2.9,POINT (-122.2387 47.1254)
53053021400,Pierce,12.0,31.6,30.1,10.9,19.1,73.6,2.8,POINT (-122.0940 46.9478)
53053021500,Pierce,9.9,25.1,23.8,10.6,17.5,68.5,10.7,POINT (-122.2023 47.1123)
53053021600,Pierce,9.2,27.9,33.0,9.5,17.6,70.0,2.8,POINT (-122.0433 46.9214)
53053021700,Pierce,5.3,19.8,22.3,7.2,12.8,64.2,9.4,POINT (-122.2635 46.9799)
53053021800,Pierce,8.0,28.5,25.4,9.3,18.1,65.9,5.4,POINT (-122.2040 46.9343)
53053021900,Pierce,10.5,30.4,38.6,12.7,18.7,67.8,3.2,POINT (-122.1866 47.0678)
53053022000,Pierce,7.9,27.7,28.7,11.6,17.4,67.5,8.3,POINT (-122.2912 46.8962)
53055000100,San Juan,7.6,36.7,27.2,12.7,14.1,67.9,7.1,POINT (-122.9661 48.4672)
53055000200,San Juan,6.4,23.1,25.4,4.5,12.5,67.2,3.0,POINT (-123.0057 48.4096)
53055000300,San Juan,6.2,27.8,30.2,10.8,14.1,72.7,2.9,POINT (-123.1454 48.4160)
53055000400,San Juan,12.5,41.6,28.8,13.9,25.4,69.3,11.0,POINT (-123.2031 48.4317)
53055000500,San Juan,7.5,20.0,24.6,10.8,17.2,73.9,9.4,POINT (-123.0446 48.5814)
53055000600,San Juan,11.6,45.1,36.4,16.9,28.6,74.9,12.2,POINT (-123.1904 48.6293)
53057000100,Skagit,8.5,29.3,28.6,11.6,14.0,74.3,2.8,POINT (-121.8574 48.3734)
53057000200,Skagit,9.7,26.8,35.0,10.1,14.5,73.0,5.2,POINT (-121.8577 48.5598)
53057000300,Skagit,9.9,34.9,27.4,11.5,13.7,64.5,9.9,POINT (-121.8594 48.4525)
53057000400,Skagit,14.4,40.2,42.3,15.7,24.8,72.1,10.5,POINT (-121.6042 48.3541)
53057000500,Skagit,9.8,36.2,30.0,14.4,23.7,69.8,9.3,POINT (-121.6649 48.4946)
53057000600,Skagit,7.0,26.3,22.9,8.6,13.4,75.2,2.8,POINT (-121.7743 48.5275)
53057000700,Skagit,5.4,24.1,19.3,7.7,13.0,70.4,2.8,POINT (-121.7229 48.3569)
53057000800,Skagit,8.9,31.4,29.4,15.2,23.2,68.0,10.2,POINT (-121.8142 48.3766)
53057000900,Skagit,8.9,26.8,28.4,9.7,12.4,67.4,6.1,POINT (-121.6671 48.5187)
53057001000,Skagit,11.2,36.3,33.0,16.6,24.4,67.9,10.8,POINT (-121.7114 48.5355)
53057001100,Skagit,11.0,22.4,29.1,7.7,10.8,66.2,5.4,POINT (-121.8415 48.3747)
53057001200,Skagit,10.9,33.6,31.9,12.5,22.8,69.8,7.4,POINT (-121.6922 48.3429)
53057001300,Skagit,14.4,41.5,36.7,13.8,24.7,70.4,15.2,POINT (-121.8744 48.6158)
53057001400,Skagit,9.5,26.7,30.0,11.2,17.5,70.9,6.9,POINT (-121.7898 48.3563)
53057001500,Skagit,10.9,38.4,33.4,13.9,25.0,62.6,18.9,POINT (-121.7592 48.5870)
53057001600,Skagit,6.1,21.2,21.0,5.9,12.5,63.9,6.0,POINT (-121.5903 48.3440)
53057001700,Skagit,8.9,30.7,27.1,10.8,15.6,66.8,7.3,POINT (-121.9274 48.5786)
53057001800,Skagit,12.7,33.9,31.9,14.1,21.9,71.6,8.0,POINT (-121.7997 48.6065)
53057001900,Skagit,5.9,21.3,18.8,6.0,8.4,68.8,2.8,POINT (-121.7956 48.4416)
53057002000,Skagit,10.7,33.5,31.3,12.2,20.7,66.9,13.4,POINT (-121.7162 48.5804)
53057002100,Skagit,9.8,25.1,28.4,7.1,15.1,75.7,2.8,POINT (-121.5970 48.3478)
53057002200,Skagit,11.2,25.9,31.6,7.8,13.4,66.5,6.4,POINT (-121.6818 48.3743)
53057002300,Skagit,12.9,37.0,32.7,17.2,23.3,62.3,15.1,POINT (-121.9050 48.5208)
53057002400,Skagit,7.6,31.2,24.1,11.6,20.4,63.7,9.9,POINT (-121.6319 48.3812)
53057002500,Skagit,10.2,38.6,28.8,12.8,21.4,67.0,10.8,POINT (-121.7182 48.4559)
53057002600,Skagit,6.5,34.6,20.2,10.6,16.0,72.5,2.8,POINT (-121.6891 48.4812)
53057002700,Skagit,15.3,44.9,41.2,16.0,27.9,69.6,16.7,POINT (-121.8650 48.4738)
53057002800,Skagit,7.9,27.0,23.6,7.0,14.4,69.5,7.7,POINT (-121.6364 48.4390)
53057002900,Skagit,5.9,28.4,28.3,8.2,17.8,68.2,3.7,POINT (-121.8946 48.4704)
53057003000,Skagit,9.6,35.3,26.9,11.3,19.7,68.4,10.4,POINT (-121.6614 48.6104)
53057003100,Skagit,10.9,35.4,30.3,13.4,18.6,72.8,5.5,POINT (-121.5804 48.3467)
53057003200,Skagit,13.2,36.4,35.8,13.1,19.4,65.2,6.8,POINT (-121.9159 48.5385)
53057003300,Skagit,9.5,31.5,31.1,10.3,15.0,65.2,7.2,POINT (-121.7030 48.4012)
53057003400,Skagit,13.8,44.3,39.4,18.5,32.0,71.8,18.2,POINT (-121.8844 48.5639)
53057003500,Skagit,9.5,24.5,25.7,8.4,14.4,73.9,4.3,POINT (-121.8572 48.4071)
53059000100,Skamania,13.7,35.9,34.9,11.3,18.5,72.1,6.5,POINT (-122.0513 45.9694)
53059000200,Skamania,13.1,37.5,34.1,18.5,26.1,72.5,12.2,POINT (-121.8485 45.8213)
53059000300,Skamania,12.5,39.7,34.8,10.5,19.6,74.5,7.2,POINT (-121.9196 46.0237)
53059000400,Skamania,11.9,26.7,29.5,10.6,18.4,72.3,7.2,POINT (-121.9472 45.8991)
53061000100,Snohomish,10.0,33.5,28.6,7.9,16.9,70.1,4.8,POINT (-121.5360 48.0165)
53061000200,Snohomish,4.9,26.6,20.8,9.3,18.2,60.4,9.3,POINT (-121.8368 48.1304)
53061000300,Snohomish,8.4,37.0,24.8,16.8,23.5,66.8,13.1,POINT (-121.7024 48.0153)
53061000400,Snohomish,7.9,34.1,24.9,12.5,18.0,65.4,15.3,POINT (-121.7327 48.0839)
53061000500,Snohomish,10.0,36.2,34.5,10.7,23.2,63.1,10.5,POINT (-121.6130 48.1430)
53061000600,Snohomish,7.8,31.9,27.8,10.8,17.2,65.8,4.6,POINT (-121.5782 48.0515)
53061000700,Snohomish,10.8,38.0,37.2,12.9,23.2,70.3,13.1,POINT (-121.6086 48.1253)
53061000800,Snohomish,11.5,37.3,33.4,16.0,25.8,67.4,11.2,POINT (-121.8134 48.1869)
53061000900,Snohomish,8.2,36.9,31.6,11.0,15.7,73.9,2.8,POINT (-121.5644 47.9803)
53061001000,Snohomish,10.2,31.2,35.4,10.2,20.7,71.4,9.1,POINT (-121.5494 48.1317)
53061001100,Snohomish,4.0,15.8,17.4,3.5,6.9,63.2,2.8,POINT (-121.6689 47.9189)
53061001200,Snohomish,10.3,33.6,33.8,10.3,17.5,75.5,5.1,POINT (-121.7184 47.9434)
53061001300,Snohomish,9.3,42.3,27.6,16.9,28.4,67.0,18.5,POINT (-121.8688 47.9467)
53061001400,Snohomish,6.5,23.8,24.8,9.2,16.8,72.6,6.4,POINT (-121.6679 47.9037)
53061001500,Snohomish,11.9,35.6,37.1,14.2,23.8,72.0,7.2,POINT (-121.8779 48.0077)
53061001600,Snohomish,6.1,26.6,19.3,10.1,16.9,67.3,6.0,POINT (-121.8524 47.9969)
53061001700,Snohomish,12.4,47.1,37.6,19.2,29.3,72.1,14.5,POINT (-121.7920 48.1825)
53061001800,Snohomish,8.9,35.4,35.6,10.2,17.8,67.6,10.5,POINT (-121.5841 48.0002)
53061001900,Snohomish,7.5,22.3,26.9,10.8,17.3,68.6,9.3,POINT (-121.6359 48.0943)
53061002000,Snohomish,12.5,34.3,35.2,12.5,18.5,69.5,10.5,POINT (-121.5415 48.0908)
53061002100,Snohomish,10.4,37.0,32.7,14.8,20.7,68.6,10.4,POINT (-121.5244 47.9621)
53061002200,Snohomish,9.6,34.2,30.3,11.8,26.8,72.0,14.4,POINT (-121.6844 48.1493)
53061002300,Snohomish,8.4,28.4,27.3,10.5,12.2,63.8,3.9,POINT (-121.6605 48.0987)
53061002400,Snohomish,9.5,31.4,33.8,8.6,14.5,75.4,2.9,POINT (-121.8328 47.9175)
53061002500,Snohomish,11.2,44.8,33.0,16.7,25.0,63.7,13.4,POINT (-121.7063 48.1884)
53061002600,Snohomish,11.1,38.1,35.4,13.7,20.7,74.4,6.6,POINT (-121.6152 48.0135)
53061002700,Snohomish,9.7,33.6,34.4,14.3,18.4,66.4,10.1,POINT (-121.9147 48.0574)
53061002800,Snohomish,8.8,29.2,31.1,10.8,17.5,71.9,5.8,POINT (-121.6271 48.1209)
53061002900,Snohomish,12.9,35.4,38.0,16.8,22.0,69.5,13.6,POINT (-121.5373 47.9495)
53061003000,Snohomish,11.8,36.2,32.8,15.7,26.7,65.8,12.8,POINT (-121.7369 47.9672)
53061003100,Snohomish,9.5,35.4,29.9,14.2,19.7,62.4,10.2,POINT (-121.6787 47.9344)
53061003200,Snohomish,9.1,30.6,26.3,7.3,13.4,71.6,6.5,POINT (-121.7787 48.0126)
53061003300,Snohomish,11.9,33.5,31.5,13.8,23.4,70.4,7.2,POINT (-121.9162 48.1481)
53061003400,Snohomish,6.8,27.2,26.1,10.6,16.3,69.1,7.1,POINT (-121.6914 48.1394)
53061003500,Snohomish,10.7,36.1,32.9,13.0,21.3,71.3,10.0,POINT (-121.6842 48.1958)
53061003600,Snohomish,9.9,39.3,32.5,13.3,23.5,65.8,9.7,POINT (-121.8997 47.9166)
53061003700,Snohomish,9.8,35.4,27.9,12.1,18.2,67.2,10.9,POINT (-121.5835 48.1649)
53061003800,Snohomish,10.7,34.8,31.2,10.4,22.0,71.6,8.0,POINT (-121.6728 48.0038)
53061003900,Snohomish,10.7,34.6,31.9,13.8,19.8,68.4,9.8,POINT (-121.5331 48.0469)
53061004000,Snohomish,7.7,32.1,31.9,9.8,12.6,64.0,4.1,POINT (-121.5265 48.1850)
53061004100,Snohomish,7.3,29.3,26.3,6.9,8.9,69.9,2.8,POINT (-121.5562 48.1599)
53061004200,Snohomish,7.9,22.1,27.2,9.9,15.8,65.7,8.1,POINT (-121.5876 47.9652)
53061004300,Snohomish,5.5,29.7,23.3,6.2,11.2,69.7,2.8,POINT (-121.5349 48.1127)
53061004400,Snohomish,8.3,24.7,28.4,7.3,8.4,68.1,3.2,POINT (-121.8859 48.0714)
53061004500,Snohomish,8.0,37.4,29.4,13.9,20.5,68.7,9.0,POINT (-121.6454 48.0792)
53061004600,Snohomish,8.2,32.4,25.5,9.2,13.4,74.7,4.0,POINT (-121.7624 47.9661)
53061004700,Snohomish,9.7,28.2,31.6,10.1,17.6,66.7,8.6,POINT (-121.7704 48.0796)
53061004800,Snohomish,7.9,26.1,28.4,6.0,13.8,71.6,2.8,POINT (-121.8668 48.0125)
53061004900,Snohomish,6.9,26.6,25.7,8.6,15.2,73.7,3.4,POINT (-121.6198 48.1822)
53061005000,Snohomish,4.7,27.0,25.5,9.3,11.3,67.9,2.8,POINT (-121.6138 47.9004)
53061005100,Snohomish,10.5,28.5,30.6,8.7,16.5,68.6,7.2,POINT (-121.9161 48.1219)
53061005200,Snohomish,9.0,27.2,30.2,9.6,13.8,76.2,3.9,POINT (-121.6773 48.0109)
53061005300,Snohomish,8.6,37.1,34.0,13.1,21.4,67.2,9.7,POINT (-121.6088 48.0358)
53061005400,Snohomish,8.4,31.4,29.1,12.2,19.3,65.1,7.8,POINT (-121.8585 48.0276)
53061005500,Snohomish,7.6,27.6,29.0,7.3,12.8,72.4,2.8,POINT (-121.8232 48.1929)
53061005600,Snohomish,10.1,33.1,32.0,11.8,21.0,65.0,10.1,POINT (-121.8627 48.1153)
53061005700,Snohomish,9.7,35.3,34.8,12.3,23.6,68.5,14.6,POINT (-121.7432 47.9987)
53061005800,Snohomish,11.0,31.3,33.4,11.7,21.0,69.3,9.2,POINT (-121.7400 47.9577)
53061005900,Snohomish,12.4,37.5,37.9,14.2,27.2,69.0,12.7,POINT (-121.6964 47.9471)
53061006000,Snohomish,12.8,36.7,40.5,16.2,24.8,65.8,13.3,POINT (-121.8950 48.0991)
53061006100,Snohomish,9.2,37.2,34.5,12.3,22.0,72.8,11.4,POINT (-121.8459 48.1613)
53061006200,Snohomish,10.2,25.2,29.9,7.0,13.7,72.6,4.4,POINT (-121.6555 47.9676)
53061006300,Snohomish,11.8,38.5,31.6,9.7,19.4,69.6,5.7,POINT (-121.7202 48.0406)
53061006400,Snohomish,4.7,20.2,19.8,7.0,11.2,71.6,2.8,POINT (-121.5977 47.9384)
53061006500,Snohomish,11.1,35.9,35.3,12.8,23.8,71.4,9.3,POINT (-121.8658 48.0851)
53061006600,Snohomish,8.9,30.4,30.2,8.6,15.7,70.9,5.2,POINT (-121.5958 48.0122)
53061006700,Snohomish,12.3,41.3,36.2,16.4,26.2,71.6,8.6,POINT (-121.8765 48.0705)
53061006800,Snohomish,8.2,23.5,30.0,8.0,13.5,72.2,4.7,POINT (-121.8229 48.0118)
53061006900,Snohomish,6.1,25.8,22.6,4.9,8.8,67.7,2.8,POINT (-121.5827 48.0552)
53061007000,Snohomish,5.2,29.6,22.3,9.5,15.5,65.0,8.4,POINT (-121.7467 48.0309)
53061007100,Snohomish,8.0,25.8,28.2,11.8,19.1,71.1,7.5,POINT (-121.6895 48.1716)
53061007200,Snohomish,4.9,30.5,27.5,12.9,16.9,64.8,5.7,POINT (-121.8152 48.0699)
53061007300,Snohomish,4.7,23.0,24.9,6.7,11.9,72.5,2.8,POINT (-121.6896 48.0823)
53061007400,Snohomish,14.0,48.5,40.1,18.6,31.2,70.3,13.5,POINT (-121.5237 48.0191)
53061007500,Snohomish,12.1,43.0,36.6,14.1,20.8,71.3,7.1,POINT (-121.6202 48.1646)
53061007600,Snohomish,8.1,34.4,30.0,14.9,18.9,67.7,10.9,POINT (-121.7352 48.0612)
53061007700,Snohomish,10.1,40.4,33.4,18.6,27.5,72.4,13.4,POINT (-121.7977 47.9555)
53061007800,Snohomish,9.0,35.6,33.9,14.4,21.4,74.1,3.4,POINT (-121.7385 48.1322)
53061007900,Snohomish,5.4,27.8,22.6,10.0,14.9,69.0,4.1,POINT (-121.8608 48.1647)
53061008000,Snohomish,10.4,38.6,35.7,18.4,26.6,70.6,10.3,POINT (-121.6612 48.0525)
53061008100,Snohomish,7.6,28.1,29.1,8.5,16.7,69.3,6.0,POINT (-121.5643 48.0551)
53061008200,Snohomish,9.6,30.9,29.0,7.9,14.8,68.1,4.2,POINT (-121.8737 48.1969)
53061008300,Snohomish,10.0,36.4,32.2,15.4,24.2,68.4,11.7,POINT (-121.8679 47.9390)
53061008400,Snohomish,9.7,35.5,34.6,15.5,21.5,69.6,11.7,POINT (-121.7709 48.1044)
53061008500,Snohomish,11.6,40.7,34.8,13.1,19.9,71.4,8.6,POINT (-121.7578 48.1200)
53061008600,Snohomish,6.2,26.5,25.4,6.4,14.6,67.5,8.5,POINT (-121.6121 48.0883)
53061008700,Snohomish,7.6,24.4,24.6,8.0,12.7,67.4,5.6,POINT (-121.7042 48.0645)
53061008800,Snohomish,8.5,30.4,23.8,11.4,17.4,72.4,5.0,POINT (-121.7557 47.9265)
53061008900,Snohomish,4.4,25.7,21.5,5.8,6.9,72.4,2.8,POINT (-121.7352 48.0637)
53061009000,Snohomish,1.9,17.7,20.9,3.5,6.9,66.8,2.8,POINT (-121.5574 48.1702)
53061009100,Snohomish,4.7,28.1,16.6,9.1,15.6,61.5,6.9,POINT (-121.7699 48.1466)
53061009200,Snohomish,12.0,39.6,33.8,17.5,28.9,70.2,13.8,POINT (-121.7619 48.1152)
53061009300,Snohomish,7.9,30.8,26.8,12.5,14.9,63.6,8.0,POINT (-121.7828 47.9698)
53061009400,Snohomish,7.7,26.4,21.7,8.9,14.4,69.2,6.2,POINT (-121.7873 47.9213)
53061009500,Snohomish,8.6,36.1,25.8,13.9,16.7,65.3,5.5,POINT (-121.5378 48.0382)
53061009600,Snohomish,10.9,34.9,32.9,11.0,18.6,67.9,9.0,POINT (-121.5590 47.9940)
53061009700,Snohomish,6.5,32.7,20.7,9.3,19.2,65.8,6.8,POINT (-121.8436 47.9687)
53061009800,Snohomish,9.5,30.4,27.7,8.8,22.7,68.2,7.0,POINT (-121.6510 48.0557)
53061009900,Snohomish,12.7,41.3,34.9,14.2,25.4,69.7,8.1,POINT (-121.8316 47.9133)
53061010000,Snohomish,13.4,38.0,41.5,17.7,24.5,74.5,9.3,POINT (-121.7876 48.0367)
53061010100,Snohomish,4.3,20.7,20.7,5.0,8.3,70.9,2.8,POINT (-121.7155 48.1138)
53061010200,Snohomish,6.8,30.6,25.9,5.4,13.1,70.4,3.0,POINT (-121.5622 47.9481)
53061010300,Snohomish,11.2,32.7,33.9,9.4,18.8,76.6,3.3,POINT (-121.6275 47.9879)
53061010400,Snohomish,7.0,24.7,25.3,6.1,12.9,71.2,4.7,POINT (-121.5347 48.1340)
53061010500,Snohomish,4.5,27.5,23.5,10.2,15.5,68.2,8.9,POINT (-121.6737 48.0496)
53061010600,Snohomish,13.8,36.4,40.8,14.5,23.7,67.1,11.4,POINT (-121.6487 48.0005)
53061010700,Snohomish,6.4,24.7,21.1,7.0,11.2,67.6,2.8,POINT (-121.7449 48.0390)
53061010800,Snohomish,5.3,26.2,20.2,10.3,15.2,68.4,10.2,POINT (-121.8999 48.1566)
53061010900,Snohomish,8.2,27.5,29.5,10.6,16.2,73.2,5.0,POINT (-121.5792 48.1646)
53061011000,Snohomish,9.0,31.7,26.9,11.5,21.6,69.7,10.8,POINT (-121.7239 48.0519)
53061011100,Snohomish,8.5,32.2,30.5,12.7,18.5,70.1,9.1,POINT (-121.5223 48.0085)
53061011200,Snohomish,6.4,27.5,18.7,9.8,16.4,68.5,6.9,POINT (-121.6839 47.9334)
53061011300,Snohomish,9.7,39.3,35.2,14.5,22.9,73.8,5.8,POINT (-121.5463 48.1045)
53061011400,Snohomish,8.1,35.9,30.9,13.5,16.8,69.2,5.2,POINT (-121.6625 48.1341)
53061011500,Snohomish,9.8,29.5,27.6,6.7,17.1,68.1,7.6,POINT (-121.7705 47.9350)
53061011600,Snohomish,8.9,26.7,25.2,7.4,12.3,69.5,2.8,POINT (-121.5675 47.9417)
53061011700,Snohomish,13.3,44.3,40.5,17.2,30.9,70.8,16.0,POINT (-121.6170 48.1249)
53061011800,Snohomish,9.4,35.4,32.0,12.0,18.3,71.8,8.5,POINT (-121.7172 48.0957)
53061011900,Snohomish,8.0,22.6,25.6,8.8,18.5,64.4,9.3,POINT (-121.7881 47.9450)
53061012000,Snohomish,8.0,35.7,28.0,10.8,19.2,67.8,5.8,POINT (-121.6300 47.9411)
53061012100,Snohomish,6.7,35.0,26.8,12.2,17.8,69.3,8.1,POINT (-121.6392 47.9481)
53061012200,Snohomish,9.7,33.4,32.9,12.3,17.4,68.1,2.8,POINT (-121.7363 48.1077)
53061012300,Snohomish,14.0,44.9,37.5,17.2,26.0,75.4,8.2,POINT (-121.7941 47.9406)
53061012400,Snohomish,9.2,31.6,31.7,11.3,14.2,69.0,2.8,POINT (-121.6398 47.9960)
53061012500,Snohomish,9.1,38.2,25.9,12.2,18.4,67.1,10.5,POINT (-121.5884 47.9341)
53061012600,Snohomish,8.5,32.5,26.9,11.9,20.4,66.1,12.6,POINT (-121.8455 48.1283)
53061012700,Snohomish,9.1,36.4,29.5,13.9,21.0,68.6,10.8,POINT (-121.6526 48.1157)
53061012800,Snohomish,10.3,28.5,34.7,7.0,13.3,70.8,3.9,POINT (-121.8444 48.1244)
53061012900,Snohomish,12.9,30.7,34.4,8.0,17.1,71.8,9.7,POINT (-121.8254 47.9473)
53061013000,Snohomish,9.2,36.7,31.9,12.5,16.8,70.6,2.8,POINT (-121.6025 48.0098)
53061013100,Snohomish,12.2,36.9,38.5,13.4,23.1,72.0,10.0,POINT (-121.5498 48.1214)
53061013200,Snohomish,7.9,31.2,24.8,8.4,18.0,70.5,7.5,POINT (-121.9154 47.9176)
53061013300,Snohomish,13.1,38.2,40.6,15.5,22.4,77.2,10.6,POINT (-121.8083 48.1097)
53061013400,Snohomish,8.6,34.1,27.9,13.8,14.7,65.3,9.1,POINT (-121.7013 48.0002)
53061013500,Snohomish,8.3,31.2,24.5,14.5,23.2,66.5,12.6,POINT (-121.6629 47.9307)
53061013600,Snohomish,11.5,45.2,37.9,21.5,28.0,67.6,12.7,POINT (-121.6669 47.9975)
53061013700,Snohomish,10.0,34.4,31.0,14.2,24.5,64.4,12.8,POINT (-121.8516 48.1502)
53061013800,Snohomish,11.0,33.3,30.8,14.5,18.9,68.0,10.2,POINT (-121.7077 48.1793)
53061013900,Snohomish,7.5,32.2,25.3,13.8,19.3,69.6,11.2,POINT (-121.8369 48.1769)
53061014000,Snohomish,7.4,19.4,25.6,6.4,12.8,67.7,3.9,POINT (-121.7584 48.0814)
53061014100,Snohomish,14.0,34.5,40.0,12.8,21.6,70.7,7.6,POINT (-121.6776 48.1323)
53061014200,Snohomish,10.4,40.4,34.0,15.3,21.2,71.6,14.2,POINT (-121.5548 48.0484)
53061014300,Snohomish,8.0,28.0,25.5,8.7,8.3,69.6,2.8,POINT (-121.8320 48.0131)
53061014400,Snohomish,4.9,27.2,18.9,7.7,15.9,62.4,5.0,POINT (-121.6704 48.0824)
53061014500,Snohomish,9.6,37.9,27.1,14.5,23.4,61.9,16.1,POINT (-121.7254 48.0317)
53061014600,Snohomish,11.1,34.3,36.5,15.3,23.4,69.0,9.5,POINT (-121.6269 48.1879)
53061014700,Snohomish,8.8,33.8,28.5,7.8,18.5,70.1,6.3,POINT (-121.8351 47.9332)
53061014800,Snohomish,11.1,42.3,27.1,16.6,21.5,69.5,11.2,POINT (-121.6294 48.1927)
53061014900,Snohomish,10.5,32.3,27.1,11.0,19.5,71.6,6.0,POINT (-121.7985 48.1745)
53061015000,Snohomish,11.5,33.5,34.7,11.8,20.6,73.1,5.4,POINT (-121.6344 48.1226)
53061015100,Snohomish,7.2,29.1,32.1,8.4,19.7,76.3,6.0,POINT (-121.6997 47.9884)
53061015200,Snohomish,8.2,27.0,27.0,6.6,13.0,73.6,2.8,POINT (-121.7275 48.0882)
53061015300,Snohomish,8.3,22.8,27.8,8.4,14.3,68.1,5.1,POINT (-121.5869 48.1482)
53061015400,Snohomish,10.2,33.7,32.4,12.9,23.2,71.7,11.4,POINT (-121.5986 48.1552)
53061015500,Snohomish,12.7,40.6,40.2,17.1,22.0,75.3,8.8,POINT (-121.7674 48.0464)
53061015600,Snohomish,8.8,32.5,28.1,12.0,17.4,72.5,6.4,POINT (-121.7239 48.1494)
53061015700,Snohomish,8.0,25.6,27.3,9.1,15.9,65.5,3.9,POINT (-121.7171 47.9739)
53061015800,Snohomish,10.5,41.1,30.5,18.4,26.8,68.4,14.1,POINT (-121.6433 47.9426)
53061015900,Snohomish,5.5,29.3,20.9,7.9,15.5,61.6,4.6,POINT (-121.8157 48.0008)
53061016000,Snohomish,8.9,32.7,30.5,11.2,24.3,68.7,11.8,POINT (-121.6092 48.1870)
53061016100,Snohomish,6.9,28.3,26.9,11.9,13.7,67.4,6.6,POINT (-121.6705 48.1361)
53061016200,Snohomish,10.4,34.3,33.4,11.2,23.0,73.2,6.7,POINT (-121.6163 48.1518)
53061016300,Snohomish,6.3,21.7,24.9,4.4,8.8,70.1,2.8,POINT (-121.5356 48.0796)
53061016400,Snohomish,9.6,28.0,31.2,9.0,15.3,70.5,5.5,POINT (-121.5426 47.9575)
53061016500,Snohomish,9.0,28.3,28.0,10.1,13.3,67.4,6.1,POINT (-121.7086 48.0204)
53061016600,Snohomish,5.7,30.6,26.8,7.7,16.8,68.6,7.3,POINT (-121.7040 47.9368)
53061016700,Snohomish,7.7,33.2,28.3,10.0,14.0,64.7,6.1,POINT (-121.5209 48.0834)
53061016800,Snohomish,10.4,37.1,32.0,11.6,18.2,73.5,5.1,POINT (-121.5334 48.1926)
53061016900,Snohomish,9.3,27.4,30.0,9.0,18.3,71.8,6.1,POINT (-121.5235 48.0045)
53061017000,Snohomish,8.6,28.4,24.5,8.2,15.3,69.1,6.5,POINT (-121.5793 48.0366)
53061017100,Snohomish,8.2,34.2,28.4,13.5,15.8,56.7,10.5,POINT (-121.7177 47.9649)
53061017200,Snohomish,5.4,23.8,21.2,10.4,15.4,67.2,9.5,POINT (-121.5412 48.1898)
53061017300,Snohomish,9.9,31.2,33.4,9.4,17.8,65.8,8.5,POINT (-121.6009 48.1051)
53061017400,Snohomish,9.4,39.9,27.1,13.3,23.1,69.5,11.9,POINT (-121.6313 47.9529)
53061017500,Snohomish,6.6,24.3,27.2,7.9,14.1,68.4,2.8,POINT (-121.8834 48.0854)
53061017600,Snohomish,11.3,38.2,40.0,12.7,23.7,68.0,11.4,POINT (-121.8766 47.9339)
53061017700,Snohomish,11.4,26.9,32.1,9.1,15.1,71.1,7.9,POINT (-121.8633 48.1173)
53061017800,Snohomish,8.6,31.8,28.9,11.3,15.4,72.3,5.7,POINT (-121.7772 48.0403)
53061017900,Snohomish,9.9,29.8,29.4,10.5,14.0,64.0,5.1,POINT (-121.6374 48.0652)
53061018000,Snohomish,10.2,31.1,28.6,9.8,16.3,68.0,12.1,POINT (-121.7138 48.1054)
53061018100,Snohomish,11.6,41.0,38.0,13.8,20.2,68.0,11.8,POINT (-121.7609 48.0393)
53061018200,Snohomish,7.6,23.3,24.5,7.3,13.5,68.9,3.1,POINT (-121.7877 48.1586)
53061018300,Snohomish,10.7,31.9,31.7,13.3,19.1,67.6,10.8,POINT (-121.6227 47.9778)
53061018400,Snohomish,6.8,25.7,26.1,12.5,18.8,69.1,10.6,POINT (-121.5812 48.0079)
53061018500,Snohomish,6.3,26.9,23.8,9.4,14.8,68.9,5.2,POINT (-121.6392 47.9984)
53061018600,Snohomish,9.1,26.3,27.8,12.0,18.8,68.1,14.1,POINT (-121.7658 47.9135)
53061018700,Snohomish,5.5,20.1,26.1,6.2,10.1,65.0,4.3,POINT (-121.5933 48.0030)
53061018800,Snohomish,10.3,29.2,30.7,10.1,18.1,66.1,11.8,POINT (-121.7356 48.1901)
53061018900,Snohomish,11.2,34.2,32.8,12.7,19.0,68.5,8.0,POINT (-121.6401 48.1475)
53061019000,Snohomish,13.0,43.4,40.1,17.7,24.7,71.2,13.9,POINT (-121.5956 48.1902)
53063000100,Spokane,6.8,28.7,29.9,11.6,20.2,69.5,11.3,POINT (-117.3147 47.4932)
53063000200,Spokane,8.1,32.0,28.4,11.6,20.9,67.0,9.9,POINT (-117.5934 47.6306)
53063000300,Spokane,10.2,27.8,30.1,6.7,16.4,69.9,4.5,POINT (-117.2313 47.5454)
53063000400,Spokane,7.9,26.9,27.2,10.1,13.9,65.8,7.3,POINT (-117.2805 47.7478)
53063000500,Spokane,8.1,28.7,26.5,10.4,18.2,64.4,4.9,POINT (-117.2774 47.7645)
53063000600,Spokane,8.5,37.2,33.3,16.8,22.8,63.8,6.9,POINT (-117.4849 47.4731)
53063000700,Spokane,8.4,28.1,29.9,11.4,17.7,66.2,6.1,POINT (-117.5624 47.4792)
53063000800,Spokane,10.6,36.2,32.4,11.3,20.8,71.2,5.9,POINT (-117.3986 47.5357)
53063000900,Spokane,8.0,31.2,25.7,13.7,20.4,66.0,11.0,POINT (-117.2552 47.7243)
53063001000,Spokane,10.1,29.0,27.2,11.7,20.2,69.9,13.3,POINT (-117.2287 47.6549)
53063001100,Spokane,8.6,36.8,25.8,10.9,13.7,67.0,3.5,POINT (-117.2444 47.6200)
53063001200,Spokane,11.3,35.5,29.4,12.3,19.3,63.5,7.9,POINT (-117.4891 47.6062)
53063001300,Spokane,8.0,34.6,27.3,13.2,15.8,71.8,8.4,POINT (-117.4448 47.7449)
53063001400,Spokane,4.9,19.3,20.7,6.6,8.4,66.0,2.8,POINT (-117.4685 47.6210)
53063001500,Spokane,10.2,37.7,29.0,15.6,21.0,65.7,13.1,POINT (-117.2020 47.6689)
53063001600,Spokane,12.2,40.0,31.4,14.2,24.9,69.4,10.0,POINT (-117.2401 47.4777)
53063001700,Spokane,11.1,30.9,36.2,14.6,23.1,74.2,10.2,POINT (-117.4543 47.4712)
53063001800,Spokane,11.9,42.1,35.1,15.4,20.1,69.9,10.3,POINT (-117.2971 47.5206)
53063001900,Spokane,12.3,38.6,33.3,10.8,18.8,69.5,6.5,POINT (-117.3786 47.4852)
53063002000,Spokane,11.5,43.6,34.3,16.0,24.1,70.3,9.2,POINT (-117.5465 47.5585)
53063002100,Spokane,10.2,34.5,31.1,13.4,21.7,63.7,13.4,POINT (-117.5130 47.7015)
53063002200,Spokane,8.3,23.8,22.9,8.7,13.4,62.2,8.2,POINT (-117.4900 47.5371)
53063002300,Spokane,6.3,25.7,23.3,9.8,18.6,63.1,10.2,POINT (-117.3361 47.6460)
53063002400,Spokane,9.3,32.5,29.2,10.8,16.6,65.6,9.7,POINT (-117.5033 47.4753)
53063002500,Spokane,11.1,38.1,31.8,12.9,18.5,70.7,4.7,POINT (-117.4672 47.5993)
53063002600,Spokane,14.6,34.9,38.7,17.0,27.3,71.0,12.0,POINT (-117.2849 47.7353)
53063002700,Spokane,6.5,28.8,27.3,8.6,11.3,61.4,2.8,POINT (-117.4648 47.6578)
53063002800,Spokane,9.7,38.5,31.9,14.5,21.0,67.6,13.2,POINT (-117.2625 47.6802)
53063002900,Spokane,10.4,23.5,27.6,6.7,12.0,70.6,2.9,POINT (-117.2862 47.6484)
53063003000,Spokane,9.7,37.4,28.4,17.1,22.2,68.1,11.0,POINT (-117.3713 47.6947)
53063003100,Spokane,10.3,34.5,31.7,11.1,16.0,77.3,2.8,POINT (-117.3017 47.5637)
53063003200,Spokane,11.7,28.1,31.4,10.3,18.8,61.2,11.1,POINT (-117.2882 47.5320)
53063003300,Spokane,7.1,27.9,21.6,7.4,12.2,64.2,3.8,POINT (-117.2711 47.7114)
53063003400,Spokane,7.0,18.1,25.3,3.5,7.2,71.0,2.8,POINT (-117.5230 47.6119)
53063003500,Spokane,7.9,29.0,28.7,7.6,13.5,64.1,4.2,POINT (-117.3027 47.4999)
53063003600,Spokane,10.0,28.3,28.2,7.4,14.6,72.3,2.8,POINT (-117.3397 47.7359)
53063003700,Spokane,8.4,31.2,30.1,8.0,14.3,70.6,3.4,POINT (-117.2260 47.5132)
53063003800,Spokane,3.7,22.4,21.7,6.4,7.3,65.9,5.0,POINT (-117.4266 47.7667)
53063003900,Spokane,12.2,39.1,35.5,13.6,21.9,70.2,10.9,POINT (-117.2891 47.6484)
53063004000,Spokane,13.7,44.0,34.2,17.5,28.7,71.5,13.4,POINT (-117.2129 47.6909)
53063004100,Spokane,17.1,40.0,40.5,17.0,32.8,68.6,18.2,POINT (-117.3677 47.5045)
53063004200,Spokane,12.6,36.9,34.1,15.2,24.3,72.8,14.4,POINT (-117.2440 47.6776)
53063004300,Spokane,10.7,34.6,32.0,13.7,21.3,69.3,12.8,POINT (-117.2088 47.7322)
53063004400,Spokane,13.7,32.4,36.3,11.4,19.6,71.9,9.3,POINT (-117.2677 47.6236)
53063004500,Spokane,9.7,22.9,25.5,9.6,8.8,71.4,2.8,POINT (-117.4311 47.5982)
53063004600,Spokane,13.2,37.3,30.7,15.1,26.7,71.6,12.4,POINT (-117.2727 47.5460)
53063004700,Spokane,10.2,29.9,27.7,12.6,16.2,65.4,5.5,POINT (-117.4975 47.7657)
53063004800,Spokane,6.2,25.5,25.5,7.7,9.0,70.9,4.4,POINT (-117.2738 47.4868)
53063004900,Spokane,8.3,26.7,27.6,12.2,16.3,64.0,10.0,POINT (-117.2161 47.6561)
53063005000,Spokane,11.9,35.7,32.2,15.4,24.5,66.7,13.6,POINT (-117.5716 47.5457)
53063005100,Spokane,6.6,28.5,22.8,8.4,13.5,67.7,7.0,POINT (-117.5658 47.6177)
53063005200,Spokane,11.4,34.0,34.5,13.6,20.3,69.6,8.7,POINT (-117.5496 47.5485)
53063005300,Spokane,11.2,32.7,31.0,15.9,25.1,66.2,15.9,POINT (-117.5575 47.5372)
53063005400,Spokane,10.2,34.2,30.9,14.8,22.5,68.6,13.9,POINT (-117.4886 47.7562)
53063005500,Spokane,10.5,33.5,31.8,12.1,19.5,67.7,7.2,POINT (-117.2406 47.6032)
53063005600,Spokane,7.4,21.0,21.6,6.2,11.3,66.5,2.8,POINT (-117.3528 47.6732)
53063005700,Spokane,13.9,44.2,39.3,21.0,28.0,76.1,10.8,POINT (-117.2685 47.6817)
53063005800,Spokane,10.5,27.4,30.1,10.7,17.0,71.2,6.9,POINT (-117.3429 47.7333)
53063005900,Spokane,8.6,26.9,28.9,8.0,16.4,72.9,2.8,POINT (-117.3858 47.7370)
53063006000,Spokane,12.8,46.4,37.3,19.0,30.8,69.4,16.9,POINT (-117.2480 47.5532)
53063006100,Spokane,6.7,26.3,24.6,9.4,16.9,65.4,6.9,POINT (-117.2375 47.6324)
53063006200,Spokane,14.7,40.2,39.5,15.9,23.8,76.1,8.2,POINT (-117.4410 47.4821)
53063006300,Spokane,7.1,24.5,18.7,6.4,9.2,68.5,2.8,POINT (-117.5001 47.7543)
53063006400,Spokane,12.2,42.3,37.0,15.7,25.1,66.0,12.6,POINT (-117.2184 47.7525)
53063006500,Spokane,7.8,30.9,32.6,11.7,12.9,68.7,3.8,POINT (-117.3745 47.7346)
53063006600,Spokane,10.2,29.1,30.3,8.1,13.0,71.6,2.8,POINT (-117.2522 47.6641)
53063006700,Spokane,11.3,28.4,36.1,9.2,16.3,71.9,3.6,POINT (-117.3480 47.7028)
53063006800,Spokane,10.3,35.1,33.3,14.4,21.3,69.1,15.5,POINT (-117.3257 47.7647)
53063006900,Spokane,12.3,32.3,34.1,11.7,19.5,66.4,8.4,POINT (-117.5770 47.7626)
53063007000,Spokane,14.5,43.1,32.6,19.2,31.1,67.7,20.1,POINT (-117.4194 47.5117)
53063007100,Spokane,7.8,25.7,29.0,8.1,9.3,69.0,2.8,POINT (-117.2869 47.5855)
53063007200,Spokane,12.9,37.6,34.5,16.5,25.2,67.3,16.5,POINT (-117.2096 47.5182)
53063007300,Spokane,10.4,32.8,31.1,9.9,16.2,69.7,5.2,POINT (-117.4284 47.5645)
53063007400,Spokane,13.1,38.9,38.3,15.1,26.7,72.1,12.7,POINT (-117.3683 47.5524)
53063007500,Spokane,9.9,27.6,30.3,9.8,15.2,72.6,2.8,POINT (-117.5401 47.4876)
53063007600,Spokane,8.9,34.5,29.1,12.1,19.4,69.4,4.8,POINT (-117.5254 47.6937)
53063007700,Spokane,9.1,37.4,27.3,12.6,18.4,68.2,6.7,POINT (-117.2828 47.5407)
53063007800,Spokane,11.2,35.1,34.2,11.1,18.4,69.8,8.1,POINT (-117.4250 47.4980)
53063007900,Spokane,8.0,32.2,29.5,9.2,14.5,67.8,11.0,POINT (-117.4613 47.4769)
53063008000,Spokane,8.9,37.3,25.4,11.2,16.6,65.6,6.8,POINT (-117.5640 47.6797)
53063008100,Spokane,8.2,24.9,28.7,10.8,18.4,70.1,8.3,POINT (-117.2362 47.7365)
53063008200,Spokane,8.7,25.3,27.6,6.4,10.2,72.6,5.2,POINT (-117.2037 47.5015)
53063008300,Spokane,10.9,38.7,31.7,11.7,21.5,71.5,9.1,POINT (-117.5664 47.5593)
53063008400,Spokane,9.3,35.0,26.6,10.9,15.6,68.7,3.3,POINT (-117.4366 47.4715)
53063008500,Spokane,8.2,25.5,25.2,5.7,11.9,72.3,2.8,POINT (-117.4671 47.6589)
53063008600,Spokane,13.8,45.1,40.2,17.8,27.8,73.5,11.9,POINT (-117.3134 47.7210)
53063008700,Spokane,5.2,25.1,17.8,5.6,10.0,66.3,2.8,POINT (-117.3063 47.5750)
53063008800,Spokane,10.4,37.0,28.2,15.9,19.3,74.4,6.7,POINT (-117.5628 47.7521)
53063008900,Spokane,10.3,24.2,29.1,9.1,15.2,67.2,4.4,POINT (-117.4147 47.5618)
53063009000,Spokane,12.8,37.4,39.3,13.5,21.5,73.9,4.1,POINT (-117.3831 47.6194)
53063009100,Spokane,6.9,31.0,21.4,6.6,17.0,63.4,8.8,POINT (-117.3331 47.5602)
53063009200,Spokane,10.1,19.7,27.6,7.8,14.4,71.2,4.3,POINT (-117.3689 47.6635)
53063009300,Spokane,11.7,32.2,29.1,9.5,14.0,72.3,2.8,POINT (-117.4092 47.5041)
53063009400,Spokane,10.6,32.0,30.6,14.4,20.2,70.5,9.5,POINT (-117.4036 47.5769)
53063009500,Spokane,9.6,41.4,26.7,17.3,26.0,66.1,18.8,POINT (-117.4078 47.7466)
53063009600,Spokane,5.3,20.8,17.2,6.6,7.4,67.3,2.8,POINT (-117.4245 47.4742)
53063009700,Spokane,8.7,31.3,26.9,8.8,22.1,67.2,5.8,POINT (-117.2880 47.7162)
53063009800,Spokane,7.8,22.3,26.9,7.9,14.0,67.3,4.9,POINT (-117.5001 47.6240)
53063009900,Spokane,9.0,29.8,30.0,11.1,18.7,70.5,9.8,POINT (-117.3745 47.6095)
53063010000,Spokane,10.7,34.9,34.4,11.6,17.4,66.8,7.6,POINT (-117.3423 47.7700)
53063010100,Spokane,5.3,25.1,20.6,9.8,12.1,66.0,7.6,POINT (-117.4034 47.6783)
53063010200,Spokane,13.4,35.4,36.6,14.4,24.0,69.6,14.9,POINT (-117.2748 47.5763)
53063010300,Spokane,5.2,21.1,21.3,6.9,14.0,70.7,4.1,POINT (-117.2021 47.6185)
53063010400,Spokane,13.2,34.9,38.1,17.2,28.3,70.6,14.3,POINT (-117.5728 47.6071)
53063010500,Spokane,6.1,26.0,19.5,6.5,8.5,65.5,2.8,POINT (-117.5813 47.6748)
53063010600,Spokane,10.6,30.5,33.4,10.8,16.3,70.7,10.2,POINT (-117.4585 47.5452)
53063010700,Spokane,10.8,31.9,27.2,11.2,18.9,67.2,5.4,POINT (-117.4023 47.6918)
53063010800,Spokane,7.8,34.3,30.1,10.2,18.4,65.9,11.3,POINT (-117.3533 47.4786)
53063010900,Spokane,10.6,37.3,27.1,14.9,22.2,70.5,13.0,POINT (-117.2313 47.5934)
53063011000,Spokane,10.1,29.5,31.7,10.6,15.4,66.8,2.8,POINT (-117.3164 47.6199)
53063011100,Spokane,8.7,34.4,28.4,11.0,19.7,66.3,9.6,POINT (-117.2956 47.5357)
53063011200,Spokane,9.5,34.5,25.2,10.5,13.7,67.3,7.9,POINT (-117.2384 47.6863)
53063011300,Spokane,8.7,27.2,29.1,11.5,17.0,70.7,4.3,POINT (-117.4210 47.4801)
53063011400,Spokane,13.4,48.0,39.2,14.6,23.8,73.6,8.0,POINT (-117.5619 47.6737)
53063011500,Spokane,13.1,40.5,34.5,15.7,22.6,69.3,9.5,POINT (-117.2231 47.5932)
53063011600,Spokane,12.9,46.9,33.2,14.1,23.5,65.5,11.9,POINT (-117.2058 47.6008)
53063011700,Spokane,11.8,42.1,34.9,15.5,19.6,70.2,8.1,POINT (-117.3129 47.4871)
53063011800,Spokane,11.5,31.8,31.3,9.0,11.6,66.5,2.8,POINT (-117.3998 47.6443)
53063011900,Spokane,10.8,31.2,29.7,9.5,9.3,73.9,2.8,POINT (-117.5481 47.7613)
53063012000,Spokane,8.9,23.5,29.3,8.4,12.2,67.9,7.8,POINT (-117.3235 47.7388)
53063012100,Spokane,9.8,30.7,26.8,7.2,14.1,69.9,6.8,POINT (-117.2393 47.5477)
53063012200,Spokane,4.3,15.9,16.4,3.7,6.9,65.8,2.8,POINT (-117.2743 47.5988)
53063012300,Spokane,7.7,31.8,27.0,10.2,20.1,73.2,10.0,POINT (-117.2596 47.5867)
53063012400,Spokane,1.6,24.6,17.9,10.5,15.9,70.5,8.6,POINT (-117.5436 47.6610)
53063012500,Spokane,13.3,47.2,38.2,15.2,24.7,72.5,10.5,POINT (-117.5235 47.6649)
53063012600,Spokane,6.8,18.7,20.6,7.1,15.0,69.5,9.0,POINT (-117.5319 47.5936)
53063012700,Spokane,9.7,23.8,27.0,7.8,12.8,68.7,5.4,POINT (-117.5152 47.4766)
53063012800,Spokane,12.1,34.7,28.8,12.1,20.2,72.4,7.3,POINT (-117.4074 47.6309)
53063012900,Spokane,11.2,35.6,32.5,15.1,21.1,67.5,10.5,POINT (-117.5009 47.6204)
53063013000,Spokane,8.3,31.1,25.0,11.1,16.9,68.4,6.3,POINT (-117.3183 47.6755)
53063013100,Spokane,9.1,30.7,28.6,10.8,21.4,65.7,10.9,POINT (-117.2475 47.5774)
53063013200,Spokane,6.0,26.1,19.3,7.5,11.3,67.5,2.8,POINT (-117.3148 47.6632)
53063013300,Spokane,8.5,35.4,28.4,11.3,17.5,73.9,5.0,POINT (-117.5998 47.5532)
53063013400,Spokane,8.2,25.6,24.5,7.4,10.1,64.7,2.8,POINT (-117.2710 47.7296)
53063013500,Spokane,11.4,33.0,31.9,14.8,25.2,68.1,12.2,POINT (-117.4504 47.5070)
53065000100,Stevens,10.9,32.2,27.2,10.5,14.6,65.8,6.2,POINT (-117.7892 48.4484)
53065000200,Stevens,9.8,31.4,24.3,10.3,12.5,67.3,2.9,POINT (-117.9939 48.5081)
53065000300,Stevens,12.9,39.5,32.7,13.1,19.2,71.3,9.7,POINT (-118.0111 48.3790)
53065000400,Stevens,13.7,37.6,34.9,17.0,19.7,71.3,10.1,POINT (-118.0440 48.3669)
53065000500,Stevens,9.7,22.9,22.2,5.9,9.5,67.9,3.6,POINT (-117.8392 48.5195)
53065000600,Stevens,15.7,34.6,34.1,16.1,25.5,69.2,14.3,POINT (-118.0260 48.5049)
53065000700,Stevens,13.0,35.4,30.8,13.6,17.1,66.6,5.5,POINT (-117.9462 48.3182)
53065000800,Stevens,12.1,27.3,27.7,6.8,14.6,68.4,2.8,POINT (-117.7289 48.3660)
53065000900,Stevens,11.0,30.7,26.2,9.3,15.2,69.1,2.8,POINT (-117.9681 48.3660)
53065001000,Stevens,14.4,32.2,33.7,12.3,18.6,66.4,7.5,POINT (-118.0182 48.2695)
53065001100,Stevens,17.1,34.9,43.0,13.7,23.1,68.6,8.4,POINT (-117.8721 48.4780)
53065001200,Stevens,11.8,26.2,27.8,8.4,18.8,64.8,9.3,POINT (-117.7771 48.4679)
53065001300,Stevens,13.7,29.6,33.8,10.4,11.6,71.8,2.8,POINT (-117.9928 48.2906)
53065001400,Stevens,10.4,31.3,25.9,12.5,20.8,65.4,12.6,POINT (-117.7615 48.4766)
53067000100,Thurston,8.2,38.3,25.6,15.3,23.6,68.4,10.7,POINT (-122.9990 46.8934)
53067000200,Thurston,9.7,21.7,28.2,8.2,14.3,59.7,5.1,POINT (-122.9147 46.7836)
53067000300,Thurston,8.2,29.7,27.0,9.8,17.3,65.4,9.6,POINT (-122.9380 46.7828)
53067000400,Thurston,11.2,35.9,31.8,16.9,25.3,65.8,15.1,POINT (-122.9814 46.9059)
53067000500,Thurston,11.9,32.9,35.9,13.2,15.5,71.3,4.0,POINT (-122.6714 46.8113)
53067000600,Thurston,11.4,38.7,33.5,17.7,24.9,71.0,14.4,POINT (-122.6562 46.9556)
53067000700,Thurston,9.8,35.0,28.2,11.7,15.7,69.4,6.5,POINT (-122.7591 46.8837)
53067000800,Thurston,13.0,41.1,35.3,13.5,23.9,73.9,11.7,POINT (-122.7827 46.8414)
53067000900,Thurston,12.8,36.2,33.7,12.4,20.9,69.8,9.8,POINT (-123.0292 46.8189)
53067001000,Thurston,9.7,30.8,27.0,12.7,19.2,67.4,7.9,POINT (-122.8080 47.0595)
53067001100,Thurston,6.7,31.5,25.4,7.2,15.0,71.4,4.4,POINT (-122.8965 47.0581)
53067001200,Thurston,14.0,40.5,34.1,16.5,26.3,67.8,15.7,POINT (-122.8697 46.8783)
53067001300,Thurston,5.9,28.5,19.9,7.0,11.7,68.4,3.7,POINT (-122.8037 46.9918)
53067001400,Thurston,8.2,26.2,22.8,8.2,16.3,67.4,9.5,POINT (-123.0198 47.0576)
53067001500,Thurston,13.7,36.3,36.0,18.4,30.1,64.5,19.5,POINT (-122.8979 46.9925)
53067001600,Thurston,10.0,35.7,28.3,11.2,17.0,67.1,9.2,POINT (-122.8258 46.8341)
53067001700,Thurston,7.1,23.6,18.9,9.3,16.7,65.1,8.5,POINT (-122.9752 46.9315)
53067001800,Thurston,11.2,40.7,33.9,13.8,18.4,66.8,8.0,POINT (-122.8667 46.8406)
53067001900,Thurston,8.4,29.7,25.2,8.1,11.5,73.1,3.8,POINT (-122.9030 46.9026)
53067002000,Thurston,14.4,42.6,37.5,19.3,28.6,70.7,15.0,POINT (-123.0283 46.8246)
53067002100,Thurston,1.9,25.1,17.5,7.4,10.3,66.7,2.8,POINT (-122.6526 47.0711)
53067002200,Thurston,11.6,29.1,32.4,11.9,18.7,70.6,5.7,POINT (-122.6320 46.9251)
53067002300,Thurston,7.6,28.5,26.9,5.9,13.3,67.5,3.5,POINT (-123.0025 46.9821)
53067002400,Thurston,6.7,21.9,25.1,6.8,10.6,67.8,3.9,POINT (-122.6636 46.8153)
53067002500,Thurston,11.1,33.7,34.7,14.4,22.8,70.0,12.5,POINT (-122.6927 46.9690)
53067002600,Thurston,10.8,38.2,34.3,12.2,17.8,68.3,9.1,POINT (-122.8508 47.0495)
53067002700,Thurston,6.1,26.3,23.1,10.5,15.3,63.1,5.6,POINT (-122.9547 46.7946)
53067002800,Thurston,7.1,24.0,23.1,5.3,14.1,64.0,9.4,POINT (-122.9545 46.8000)
53067002900,Thurston,13.0,41.6,34.3,16.6,22.5,72.5,9.7,POINT (-122.9827 46.9032)
53067003000,Thurston,9.0,24.6,20.5,6.2,14.7,65.9,6.5,POINT (-122.8517 46.8300)
53067003100,Thurston,11.7,43.1,37.5,14.4,18.8,78.3,9.8,POINT (-122.8429 46.8821)
53067003200,Thurston,10.5,27.2,32.3,9.7,16.3,72.5,6.1,POINT (-122.7722 46.9088)
53067003300,Thurston,7.1,24.9,25.4,9.0,14.5,70.8,4.1,POINT (-122.9869 47.0612)
53067003400,Thurston,10.5,17.8,27.3,7.7,12.4,66.9,2.8,POINT (-122.6889 46.8098)
53067003500,Thurston,12.6,39.2,37.1,11.6,20.6,70.4,7.3,POINT (-122.7234 46.9319)
53067003600,Thurston,8.5,27.5,28.7,5.7,16.5,71.0,5.2,POINT (-122.6985 46.8446)
53067003700,Thurston,12.3,29.8,31.5,11.0,22.0,69.2,11.9,POINT (-122.7758 47.0572)
53067003800,Thurston,8.6,31.4,31.4,12.9,18.8,71.2,8.9,POINT (-122.6719 46.8118)
53067003900,Thurston,11.3,39.3,35.8,14.5,24.3,69.2,9.4,POINT (-122.7296 47.0177)
53067004000,Thurston,9.4,30.4,24.0,12.2,11.7,75.5,5.6,POINT (-122.7104 46.7910)
53067004100,Thurston,9.4,30.8,29.2,9.7,16.9,68.7,6.5,POINT (-122.9410 46.8214)
53067004200,Thurston,10.5,27.0,29.9,10.1,17.0,68.4,10.1,POINT (-122.9240 46.9531)
53067004300,Thurston,9.2,31.3,31.5,10.9,18.1,69.2,10.2,POINT (-122.7868 46.9784)
53067004400,Thurston,9.4,36.5,29.0,11.3,20.2,68.1,10.6,POINT (-122.7676 46.8124)
53067004500,Thurston,3.2,19.1,15.1,3.5,6.9,64.4,2.8,POINT (-122.9656 47.0572)
53067004600,Thurston,6.6,26.9,26.7,9.2,16.2,71.7,8.5,POINT (-122.8933 46.9591)
53067004700,Thurston,14.7,38.6,36.8,16.8,27.8,72.5,18.6,POINT (-122.9152 46.9179)
53067004800,Thurston,10.1,33.9,27.5,16.3,21.9,66.6,11.4,POINT (-123.0184 46.8862)
53067004900,Thurston,8.4,25.7,24.7,5.9,10.1,74.3,2.8,POINT (-122.7801 47.0745)
53067005000,Thurston,12.4,41.6,39.8,12.5,19.1,69.6,5.6,POINT (-122.8765 46.9302)
53067005100,Thurston,9.3,28.6,28.5,10.1,14.7,62.2,4.9,POINT (-122.8780 46.9418)
53067005200,Thurston,8.7,28.3,23.9,8.6,12.0,67.4,2.8,POINT (-122.8444 46.8880)
53067005300,Thurston,7.9,22.1,24.3,5.4,13.0,69.4,3.9,POINT (-122.9580 46.8628)
53067005400,Thurston,8.0,29.9,27.8,10.4,20.2,70.0,11.2,POINT (-122.6929 46.9470)
53067005500,Thurston,10.4,35.6,28.7,12.0,20.3,69.8,10.3,POINT (-123.0169 46.8258)
53067005600,Thurston,12.8,30.9,31.7,12.2,18.4,79.5,6.7,POINT (-122.6381 46.8540)
53067005700,Thurston,9.8,29.3,27.8,10.4,17.3,67.1,7.3,POINT (-122.7917 47.0286)
53067005800,Thurston,13.4,44.5,37.9,14.6,25.9,75.9,13.7,POINT (-122.8519 47.0588)
53067005900,Thurston,11.9,41.8,34.4,16.9,23.8,70.6,14.4,POINT (-122.9115 47.0750)
53067006000,Thurston,8.6,25.4,26.5,8.1,15.4,67.1,10.6,POINT (-122.7748 46.8521)
53067006100,Thurston,6.8,31.4,22.2,6.8,13.3,67.1,2.8,POINT (-122.7795 46.8934)
53067006200,Thurston,5.8,24.0,23.9,8.4,12.9,69.1,4.1,POINT (-122.7828 46.8715)
53067006300,Thurston,6.5,18.9,21.2,5.2,11.4,69.6,4.7,POINT (-123.0096 46.8627)
53067006400,Thurston,9.3,24.5,28.5,9.5,9.7,66.2,2.8,POINT (-122.6767 47.0536)
53067006500,Thurston,10.3,29.0,29.7,10.0,16.5,66.9,5.7,POINT (-122.7434 47.0712)
53067006600,Thurston,7.3,28.6,26.1,7.9,17.3,67.6,10.9,POINT (-122.8064 46.9848)
53067006700,Thurston,8.4,19.9,26.3,7.0,12.2,66.4,4.6,POINT (-122.9543 46.8178)
53067006800,Thurston,8.8,28.2,29.2,10.1,17.6,68.2,6.8,POINT (-122.6739 46.8668)
53067006900,Thurston,7.2,24.9,15.2,6.5,11.2,67.4,3.6,POINT (-122.6609 46.8319)
53067007000,Thurston,10.9,24.0,29.9,5.4,9.6,69.2,4.3,POINT (-122.7438 46.9368)
53067007100,Thurston,11.0,33.8,31.5,11.1,17.5,70.9,3.2,POINT (-122.9224 46.8131)
53067007200,Thurston,11.5,33.1,34.5,14.3,17.8,68.1,5.8,POINT (-122.9235 47.0676)
53069000100,Wahkiakum,12.2,21.4,30.4,8.3,17.0,70.9,3.3,POINT (-123.5510 46.2290)
53069000200,Wahkiakum,15.8,35.4,33.3,12.1,15.6,79.1,2.8,POINT (-123.5367 46.1787)
53069000300,Wahkiakum,15.9,33.5,31.6,12.8,22.6,68.0,7.3,POINT (-123.4479 46.3327)
53071000100,Walla Walla,9.2,29.0,32.1,12.7,19.2,65.4,6.8,POINT (-118.4811 46.2461)
53071000200,Walla Walla,9.7,33.4,28.8,11.1,16.8,68.9,2.8,POINT (-118.2164 46.3206)
53071000300,Walla Walla,6.9,23.8,26.8,6.2,11.9,69.6,5.9,POINT (-118.3766 46.0865)
53071000400,Walla Walla,12.8,37.5,34.5,13.2,21.6,68.9,11.4,POINT (-118.2132 46.1006)
53071000500,Walla Walla,10.7,36.4,35.2,17.3,24.9,73.0,11.0,POINT (-118.1692 46.3012)
53071000600,Walla Walla,12.6,42.1,38.6,16.5,24.1,66.8,12.0,POINT (-118.3475 46.1509)
53071000700,Walla Walla,13.5,37.7,38.9,16.5,24.8,74.8,4.0,POINT (-118.3815 46.1353)
53071000800,Walla Walla,6.6,21.9,20.8,7.4,12.6,68.1,6.2,POINT (-118.5087 46.2367)
53071000900,Walla Walla,7.3,21.9,25.1,5.8,7.0,71.4,2.8,POINT (-118.3127 46.2945)
53071001000,Walla Walla,13.5,40.0,38.9,18.4,25.9,73.9,12.8,POINT (-118.4213 46.3287)
53071001100,Walla Walla,11.9,37.0,37.5,14.6,19.5,75.2,4.3,POINT (-118.1305 46.3510)
53071001200,Walla Walla,12.8,37.3,38.7,16.8,26.3,72.2,13.8,POINT (-118.2188 46.3558)
53071001300,Walla Walla,4.6,22.8,16.8,6.8,7.8,62.5,6.6,POINT (-118.3005 46.3237)
53071001400,Walla Walla,12.3,36.8,35.3,13.7,23.6,68.3,14.1,POINT (-118.2592 46.1370)
53071001500,Walla Walla,9.0,28.7,28.1,9.0,16.2,67.3,8.0,POINT (-118.1358 46.2938)
53071001600,Walla Walla,12.7,34.4,34.7,14.2,21.5,71.4,11.1,POINT (-118.4215 46.2424)
53071001700,Walla Walla,12.3,34.2,32.0,12.5,18.5,71.3,4.8,POINT (-118.1382 46.2851)
53071001800,Walla Walla,15.5,48.6,41.9,21.2,28.0,78.9,10.5,POINT (-118.3996 46.1332)
53073000100,Whatcom,9.2,23.0,29.0,5.8,12.5,67.8,2.8,POINT (-122.5319 48.8626)
53073000200,Whatcom,7.5,29.0,22.4,8.2,15.6,75.4,5.6,POINT (-122.4652 48.7067)
53073000300,Whatcom,7.2,25.8,24.8,7.8,15.4,68.8,8.2,POINT (-122.5826 48.9596)
53073000400,Whatcom,8.8,36.2,28.4,10.9,23.4,63.4,11.1,POINT (-122.2951 48.8287)
53073000500,Whatcom,8.0,40.0,32.7,17.1,23.0,76.6,9.8,POINT (-122.2058 48.9860)
53073000600,Whatcom,12.0,37.2,34.3,13.7,21.7,71.9,10.2,POINT (-122.2198 48.8266)
53073000700,Whatcom,9.5,38.3,22.7,14.6,23.3,70.3,12.0,POINT (-122.3016 48.7106)
53073000800,Whatcom,10.1,37.2,35.0,13.1,21.6,75.5,2.8,POINT (-122.5002 48.8928)
53073000900,Whatcom,7.8,35.0,29.9,13.2,18.6,66.3,7.3,POINT (-122.5482 48.8522)
53073001000,Whatcom,13.4,36.3,37.0,12.8,24.1,69.3,11.5,POINT (-122.4568 48.9615)
53073001100,Whatcom,5.3,16.3,20.2,3.5,11.0,61.3,3.1,POINT (-122.5365 48.8878)
53073001200,Whatcom,9.6,30.2,26.5,8.9,13.5,67.7,9.5,POINT (-122.2032 48.7618)
53073001300,Whatcom,9.7,37.4,32.0,15.8,16.3,68.2,9.8,POINT (-122.2152 48.9259)
53073001400,Whatcom,8.1,36.9,31.6,12.1,18.0,66.6,6.1,POINT (-122.5342 48.7888)
53073001500,Whatcom,6.5,27.8,20.0,10.0,16.4,61.5,13.3,POINT (-122.4021 48.8509)
53073001600,Whatcom,10.8,37.6,30.6,15.1,25.5,68.5,18.4,POINT (-122.3067 48.7525)
53073001700,Whatcom,9.7,37.1,31.2,14.6,17.9,70.3,5.5,POINT (-122.5255 48.8085)
53073001800,Whatcom,7.4,35.5,25.9,10.2,16.0,64.5,10.4,POINT (-122.3745 48.7996)
53073001900,Whatcom,7.8,30.8,29.9,9.7,17.3,66.3,13.3,POINT (-122.4072 48.9179)
53073002000,Whatcom,11.9,35.4,32.0,13.1,20.6,75.4,5.0,POINT (-122.5444 48.8577)
53073002100,Whatcom,9.9,32.3,29.9,11.5,18.4,71.7,8.7,POINT (-122.2285 48.9744)
53073002200,Whatcom,10.6,20.3,30.4,3.9,12.6,74.4,2.8,POINT (-122.5929 48.9050)
53073002300,Whatcom,8.9,27.9,31.0,10.0,20.5,70.7,9.6,POINT (-122.3483 48.8611)
53073002400,Whatcom,9.7,35.7,25.9,12.9,19.9,70.1,8.8,POINT (-122.2016 48.9984)
53073002500,Whatcom,6.9,26.9,21.6,4.9,12.5,69.6,4.5,POINT (-122.5745 48.9573)
53073002600,Whatcom,12.8,35.0,31.8,13.3,21.0,66.8,10.7,POINT (-122.3549 48.9860)
53073002700,Whatcom,8.0,20.7,24.2,4.5,10.6,66.3,6.0,POINT (-122.4371 48.9403)
53073002800,Whatcom,13.6,42.4,33.8,19.4,32.2,69.1,21.9,POINT (-122.4147 48.7959)
53073002900,Whatcom,8.2,20.9,23.6,10.1,11.4,67.1,4.8,POINT (-122.4572 48.7441)
53073003000,Whatcom,8.3,27.4,26.9,8.3,11.0,69.3,5.0,POINT (-122.5848 48.9573)
53073003100,Whatcom,11.7,32.3,30.1,11.6,23.2,71.0,13.0,POINT (-122.5500 48.7453)
53073003200,Whatcom,11.8,37.9,34.5,15.6,22.6,65.5,13.8,POINT (-122.2012 48.8209)
53073003300,Whatcom,12.6,32.7,37.0,16.0,23.9,67.7,13.1,POINT (-122.5418 48.7520)
53073003400,Whatcom,8.2,26.4,27.5,5.9,8.8,69.3,2.8,POINT (-122.2472 48.9745)
53073003500,Whatcom,10.4,41.8,32.7,16.6,22.3,71.7,8.7,POINT (-122.2993 48.7097)
53073003600,Whatcom,9.7,31.6,32.5,8.9,11.0,69.6,2.8,POINT (-122.2929 48.8966)
53073003700,Whatcom,9.9,38.0,32.2,12.8,15.1,69.1,7.4,POINT (-122.2034 48.8484)
53073003800,Whatcom,8.6,30.1,28.7,8.5,16.7,74.2,4.5,POINT (-122.5063 48.7132)
53073003900,Whatcom,6.7,26.1,18.2,8.9,14.8,71.2,5.4,POINT (-122.4201 48.8190)
53073004000,Whatcom,10.6,29.9,30.1,8.0,15.1,68.7,6.1,POINT (-122.3760 48.9764)
53073004100,Whatcom,8.0,29.2,25.6,9.3,15.6,68.3,8.1,POINT (-122.4369 48.7135)
53073004200,Whatcom,9.2,29.7,28.2,9.1,15.0,75.1,2.8,POINT (-122.2138 48.8249)
53073004300,Whatcom,8.8,28.7,27.3,9.4,16.5,63.4,10.8,POINT (-122.3457 48.8798)
53073004400,Whatcom,11.1,29.3,26.0,8.8,15.7,76.2,5.8,POINT (-122.2920 48.9140)
53073004500,Whatcom,5.0,20.2,20.0,6.2,6.9,66.5,2.8,POINT (-122.5051 48.8905)
53073004600,Whatcom,6.8,27.7,26.2,10.7,17.3,66.5,9.9,POINT (-122.3072 48.9622)
53073004700,Whatcom,10.3,33.9,29.5,11.4,19.1,76.5,7.1,POINT (-122.2014 48.9226)
53073004800,Whatcom,8.0,25.2,24.7,12.6,16.7,69.9,6.9,POINT (-122.2683 48.9408)
53073004900,Whatcom,10.2,36.5,29.8,12.1,23.8,72.1,12.8,POINT (-122.5395 48.9854)
53073005000,Whatcom,11.5,37.6,38.9,14.4,24.3,66.8,10.2,POINT (-122.3678 48.8493)
53073005100,Whatcom,6.5,31.8,17.8,9.5,7.8,63.8,2.8,POINT (-122.2642 48.7988)
53073005200,Whatcom,13.0,40.1,34.4,17.5,26.4,69.6,11.2,POINT (-122.3116 48.9287)
53073005300,Whatcom,7.1,23.4,24.2,7.7,16.4,69.0,2.8,POINT (-122.4962 48.9991)
53073005400,Whatcom,10.2,26.6,27.4,7.9,13.3,64.6,6.2,POINT (-122.3794 48.9206)
53073005500,Whatcom,6.0,26.7,28.6,6.0,10.9,61.9,2.9,POINT (-122.5358 48.7939)
53075000100,Whitman,11.0,37.9,33.2,15.9,30.0,74.6,13.9,POINT (-117.4818 47.0188)
53075000200,Whitman,5.8,23.0,19.6,7.8,9.2,66.4,4.9,POINT (-117.5019 46.9975)
53075000300,Whitman,9.2,27.0,31.3,6.0,12.2,70.2,2.8,POINT (-117.5850 46.8160)
53075000400,Whitman,9.9,35.3,30.6,12.1,18.6,67.5,10.3,POINT (-117.3308 46.8645)
53075000500,Whitman,7.8,32.4,26.8,10.2,18.0,66.4,9.9,POINT (-117.3257 46.7517)
53075000600,Whitman,10.0,30.1,31.4,12.0,21.6,72.2,10.9,POINT (-117.3215 47.0441)
53075000700,Whitman,6.6,37.2,21.8,14.4,21.2,63.1,12.0,POINT (-117.3345 46.8930)
53075000800,Whitman,9.2,37.1,28.0,12.8,14.6,73.9,2.8,POINT (-117.7095 46.8687)
53075000900,Whitman,10.3,32.8,30.7,13.6,24.6,69.7,14.4,POINT (-117.3419 46.8173)
53075001000,Whitman,10.3,37.8,30.5,16.0,26.0,72.0,11.6,POINT (-117.5016 46.7541)
53075001100,Whitman,9.0,32.0,25.2,14.3,20.4,68.2,9.5,POINT (-117.6054 46.7727)
53075001200,Whitman,6.1,22.7,23.1,8.3,13.2,68.5,4.2,POINT (-117.3762 46.7764)
53077000100,Yakima,12.4,41.3,35.6,17.2,26.1,65.3,11.6,POINT (-120.3492 46.5973)
53077000200,Yakima,12.3,34.5,33.8,16.2,25.2,72.9,12.2,POINT (-120.3216 46.6265)
53077000300,Yakima,9.1,28.3,24.3,12.6,19.7,68.6,12.7,POINT (-120.4545 46.5730)
53077000400,Yakima,6.1,25.4,17.4,7.6,10.9,68.0,3.7,POINT (-120.5163 46.5929)
53077000500,Yakima,14.5,36.1,38.5,14.5,19.5,68.0,8.1,POINT (-120.4522 46.6738)
53077000600,Yakima,13.9,39.7,33.2,15.0,28.7,69.7,14.3,POINT (-120.3955 46.6604)
53077000700,Yakima,12.4,38.1,32.1,15.2,22.4,71.2,10.4,POINT (-120.4499 46.4773)
53077000800,Yakima,12.3,31.3,30.2,13.5,20.4,69.4,9.0,POINT (-120.4767 46.4799)
53077000900,Yakima,13.4,34.0,34.1,14.5,25.3,67.9,18.0,POINT (-120.3111 46.6232)
53077001000,Yakima,11.9,29.2,32.2,10.1,18.4,69.5,7.6,POINT (-120.6735 46.4292)
53077001100,Yakima,8.9,32.5,23.6,8.9,16.0,72.6,4.1,POINT (-120.5507 46.4431)
53077001200,Yakima,12.9,40.5,36.7,14.8,20.9,63.8,9.6,POINT (-120.3724 46.6665)
53077001300,Yakima,14.1,33.0,37.3,11.1,20.1,73.1,5.6,POINT (-120.3512 46.6411)
53077001400,Yakima,11.6,31.4,32.8,12.0,19.3,74.2,8.4,POINT (-120.6747 46.5169)
53077001500,Yakima,9.4,28.7,26.8,10.0,22.0,69.2,5.7,POINT (-120.3691 46.4374)
53077001600,Yakima,9.8,21.2,25.7,3.7,7.3,64.2,2.8,POINT (-120.4306 46.6391)
53077001700,Yakima,11.1,33.7,30.3,9.6,18.4,75.3,6.4,POINT (-120.5580 46.5219)
53077001800,Yakima,10.1,24.0,25.1,9.1,17.3,68.4,9.8,POINT (-120.6845 46.7074)
53077001900,Yakima,12.9,38.0,32.5,14.7,20.9,69.3,10.2,POINT (-120.5861 46.6521)
53077002000,Yakima,15.3,34.5,39.1,16.7,27.3,72.9,14.8,POINT (-120.4130 46.4317)
53077002100,Yakima,14.4,33.7,32.5,13.1,16.4,73.1,8.3,POINT (-120.4211 46.5193)
53077002200,Yakima,10.1,28.7,27.9,10.2,16.7,70.1,5.9,POINT (-120.4961 46.6323)
53077002300,Yakima,13.5,38.8,33.8,17.4,22.4,68.9,13.3,POINT (-120.4776 46.6532)
53077002400,Yakima,9.3,30.3,28.4,8.9,15.0,68.5,3.7,POINT (-120.4164 46.5060)
53077002500,Yakima,16.9,39.9,43.9,15.6,23.5,72.5,11.2,POINT (-120.7049 46.5967)
53077002600,Yakima,13.4,43.7,43.5,17.5,25.2,73.4,9.5,POINT (-120.4917 46.6905)
53077002700,Yakima,13.5,31.0,40.3,13.8,17.7,69.0,8.7,POINT (-120.3569 46.6806)
53077002800,Yakima,14.1,32.3,37.2,8.9,17.7,74.7,3.3,POINT (-120.5069 46.5535)
53077002900,Yakima,7.4,25.9,21.5,9.4,11.8,64.4,2.8,POINT (-120.5302 46.5447)
53077003000,Yakima,11.6,32.5,28.1,12.2,21.7,67.6,11.6,POINT (-120.3947 46.6885)
53077003100,Yakima,11.8,28.3,36.3,9.7,18.6,73.1,5.8,POINT (-120.4659 46.4580)
53077003200,Yakima,12.7,36.4,29.9,13.0,19.5,67.4,6.0,POINT (-120.4718 46.7188)
53077003300,Yakima,14.0,44.9,39.5,19.9,28.2,68.6,12.8,POINT (-120.4024 46.6558)
53077003400,Yakima,12.8,36.5,33.5,16.3,25.0,66.6,11.9,POINT (-120.5613 46.5251)
53077003500,Yakima,12.8,40.3,35.9,19.0,30.9,70.8,14.6,POINT (-120.5100 46.6372)
53077003600,Yakima,7.9,24.5,25.7,11.4,16.9,70.9,6.2,POINT (-120.4248 46.5912)
53077003700,Yakima,12.7,39.0,28.9,13.8,24.3,69.3,9.3,POINT (-120.6014 46.6533)
53077003800,Yakima,5.1,19.2,18.0,3.7,7.3,68.2,2.8,POINT (-120.5933 46.4640)
53077003900,Yakima,5.3,16.1,17.2,4.7,8.6,67.4,2.8,POINT (-120.5731 46.5723)
53077004000,Yakima,10.3,27.6,30.3,8.0,16.6,70.1,5.7,POINT (-120.6886 46.5905)
53077004100,Yakima,9.5,23.3,24.6,7.1,7.3,67.3,2.8,POINT (-120.5628 46.5729)
53077004200,Yakima,12.6,32.9,33.0,11.3,19.5,74.4,9.1,POINT (-120.5410 46.5804)
53077004300,Yakima,12.4,32.7,34.6,9.0,16.7,72.4,6.4,POINT (-120.3484 46.5053)
53077004400,Yakima,12.8,36.9,33.4,15.0,20.7,66.8,10.2,POINT (-120.4375 46.4754)
53077004500,Yakima,11.6,25.1,31.3,10.7,16.9,76.2,3.4,POINT (-120.4945 46.6974)
53077004600,Yakima,10.2,28.9,28.2,9.6,12.6,67.0,3.8,POINT (-120.6601 46.6829)
53077004700,Yakima,14.2,48.0,41.3,17.2,25.7,71.2,15.3,POINT (-120.5272 46.5681)
53077004800,Yakima,10.7,25.7,27.5,10.6,18.2,67.5,10.3,POINT (-120.5327 46.4224)
53077004900,Yakima,5.5,22.1,21.5,4.7,7.3,61.9,4.7,POINT (-120.4421 46.5307)
53077005000,Yakima,9.3,30.0,28.6,13.4,18.6,66.5,9.5,POINT (-120.6757 46.7015)
53077005100,Yakima,14.4,37.7,34.2,11.7,18.0,72.9,5.1,POINT (-120.5324 46.5182)
53077005200,Yakima,9.6,26.3,27.2,8.6,13.8,72.5,7.2,POINT (-120.4001 46.5566)
53077005300,Yakima,7.1,26.2,20.7,7.7,13.2,66.2,5.6,POINT (-120.6991 46.5530)
53077005400,Yakima,12.8,36.9,32.2,12.7,17.6,66.9,12.0,POINT (-120.3561 46.6330)
53077005500,Yakima,9.2,23.3,26.6,7.6,12.6,72.6,4.0,POINT (-120.4776 46.5742)
53077005600,Yakima,9.8,28.0,26.2,11.4,16.4,62.3,8.7,POINT (-120.6217 46.4689)
53077005700,Yakima,7.3,34.8,21.7,11.2,17.3,66.1,7.2,POINT (-120.5377 46.4906)
53077005800,Yakima,12.2,41.2,35.4,18.3,23.8,70.5,11.5,POINT (-120.5013 46.6984)
53077005900,Yakima,12.0,40.2,32.4,14.2,23.7,64.1,12.0,POINT (-120.6036 46.4776)
53077006000,Yakima,10.8,27.7,31.9,7.9,14.5,70.8,7.0,POINT (-120.4607 46.5352)
53077006100,Yakima,11.1,36.5,32.8,13.6,18.5,65.2,8.7,POINT (-120.5530 46.5520)
53077006200,Yakima,9.8,33.9,30.2,11.7,15.6,70.6,2.8,POINT (-120.6133 46.5894)
53077006300,Yakima,9.2,24.4,25.7,10.5,15.6,66.2,3.6,POINT (-120.7002 46.4437)
53077006400,Yakima,12.5,31.5,32.9,11.2,20.9,69.2,9.2,POINT (-120.6734 46.4954)
53077006500,Yakima,12.4,44.1,36.4,16.4,25.2,68.7,9.7,POINT (-120.4008 46.5209)
